Ticker,Sector,Industry,Market Cap,EBITDA,EPS,PE Ratio,Revenue,Profit Margin,Operating Margin,Return on Assets,Return on Equity,Debt to Equity Ratio,Book Value per Share,Operating Cash Flow,Price-Earnings Growth,Beta,Share Price
MMM,Industrials,Conglomerates,81182146560,8117000192,7.26,20.72796,32637999104,0.13451,0.21433,0.09032,1.1329399,295.441,8.524,1987000064,,1.001,150.4849896
AOS,Industrials,Specialty Industrial Machinery,10101801984,809100032,3.79,18.382586,3893799936,0.14413,0.17793,0.14337,0.29544002,7.471,13.219,591200000,,1.169,69.67000094
ABT,Healthcare,Medical Devices,2.22E+11,10824999936,7.64,16.771597,41216999424,0.13992,0.18749,0.06488,0.14840001,37.589,22.944,8728000512,,0.722,128.1350011
ABBV,Healthcare,Drug Manufacturers - General,3.11E+11,25629999104,2.87,61.371082,55532998656,0.09222999,0.28928,0.077199996,0.56407,1174.815,3.413,16510999552,,0.613,176.1350053
ACN,Technology,Information Technology Services,2.36E+11,11065912320,11.94,31.619349,64896462848,0.111940004,0.14597,0.11627,0.26674998,14.127,45.242,9131027456,,1.245,377.5350271
ADBE,Technology,Software - Infrastructure,1.93E+11,8134000128,12.37,35.809113,20946999296,0.25588,0.36834,0.15969,0.35355,41.788,32.685,6732000256,,1.299,442.9587278
AMD,Technology,Semiconductors,1.86E+11,4479000064,1.13,101.33629,24295000064,0.07516,0.10617,0.01249,0.03262,3.927,35.111,2123000064,,1.706,114.5100077
AES,Utilities,Utilities - Diversified,7746639360,3334000128,1.44,7.5659723,12284000256,0.08344,0.20158,0.028369999,-0.02549,352.879,4.627,2388999936,,1.09,10.89500011
AFL,Financial Services,Insurance - Life,59640041472,4779250176,6.73,15.952065,17301999616,0.22015,0.04815,0.0235,0.16038,50.141,44.601,2956000000,,0.958,107.3573975
A,,,43370459136,,,34.357464,,,,,,,,,,,
APD,Basic Materials,Specialty Chemicals,72680128512,4296600064,17.25,18.946667,12100599808,0.31636,0.25791,0.049689997,0.2258,79.822,76.534,3646700032,,0.826,326.8300058
ABNB,Consumer Cyclical,Travel Services,80745529344,1672999936,2.88,44.875,10840000512,0.16956,0.40862998,0.046630003,0.20873,26.614,13.304,4115000064,,1.156,129.24
AKAM,Technology,Software - Infrastructure,14970166272,1118397952,3.38,29.482336,3966245888,0.13266,0.15695,0.041890003,0.11541,96.999,31.828,1564576000,,0.678,99.65029568
ALB,Basic Materials,Specialty Chemicals,10050845696,-935078016,-16.76,,6501978112,-0.28798,-0.20657,-0.051760003,-0.17662,35.334,68.11,603174976,,1.551,
ARE,Real Estate,REIT - Office,16937059328,1905123968,1.8,53.841667,3085452032,0.09618,0.27855,0.01397,0.02132,58.757,105.766,1658962944,,1.176,96.9150006
ALGN,Healthcare,Medical Instruments & Supplies,16799187968,820153984,5.86,38.401024,3960518912,0.111490004,0.16604,0.06696,0.11401,3.235,52.762,499051008,,1.65,225.0300006
ALLE,Industrials,Security & Protection Services,11558119424,888400000,6.5,20.455385,3724000000,0.15359999,0.22242,0.10704,0.40822,162.864,18.073,675500032,,1.123,132.9600025
LNT,Utilities,Utilities - Regulated Electric,15118813184,1636999936,2.57,22.92607,3966000128,0.16667,0.45051,0.02552,0.096540004,153.258,27.155,1158000000,,0.574,58.9199999
ALL,Financial Services,Insurance - Property & Casualty,50655490048,6192999936,15.47,12.365546,62432002048,0.067719996,0.093219995,0.03271,0.23783001,38.833,71.23,8450999808,,0.481,191.2949966
GOOGL,Communication Services,Internet Content & Information,2.40E+12,1.23E+11,7.54,25.858091,3.40E+11,0.27738002,0.32312,0.16483,0.32101002,9.324,25.613,1.05E+11,,1.034,194.9700061
GOOG,Communication Services,Internet Content & Information,2.39E+12,1.23E+11,7.54,26.085543,3.40E+11,0.27738002,0.32312,0.16483,0.32101002,9.324,25.613,1.05E+11,,1.034,196.6849942
MO,Consumer Defensive,Tobacco,89257172992,12216000512,5.92,8.896115,20362000384,0.50511,0.59843,0.21103,,,-2.044,8640000000,,0.67,52.6650008
AMZN,Consumer Cyclical,Internet Retail,2.53E+12,1.12E+11,4.68,51.365387,6.20E+11,0.080419995,0.109589994,0.07069,0.22558,61.175,24.655,1.13E+11,,1.146,240.3900112
AMCR,Consumer Cyclical,Packaging & Containers,14149878784,1904000000,0.53,18.471699,13550000128,0.056750003,0.105579995,0.049450003,0.1958,196.619,2.713,1187000064,,0.863,9.79000047
AEE,Utilities,Utilities - Regulated Electric,24752234496,3264000000,4.25,21.818825,7057999872,0.16053,0.31766,0.02856,0.09838,152.976,44.335,2479000064,,0.462,92.73000625
AEP,Utilities,Utilities - Regulated Electric,53426921472,7258299904,4.96,20.225805,19602200576,0.13464,0.25792998,0.026129998,0.10182,165.878,49.989,6413400064,,0.539,100.3199928
AXP,Financial Services,Credit Services,2.22E+11,,14.02,22.519615,59238998016,0.16698,0.20936,0.03793,0.3469,186.815,42.197,15041000448,,1.214,315.7250023
AIG,Financial Services,Insurance - Diversified,46969810944,8501000192,5.03,14.970179,45298999296,-0.04876,0.105100006,0.00827,0.085,22.306,71.458,4767000064,,1.069,75.30000037
AMT,Real Estate,REIT - Specialty,87579303936,6966099968,4.15,45.161446,11167699968,0.09942,0.45165002,0.04454,0.17691,439.338,7.793,5233399808,,0.842,187.4200009
AWK,Utilities,Utilities - Regulated Water,24767129600,2408000000,5.04,25.214287,4514999808,0.21771999,0.41572,0.0334,0.097040005,129.608,53.167,1932999936,,0.698,127.0800065
AMP,Financial Services,Asset Management,55530188800,,26.16,21.880352,17444999168,0.15517001,0.34145,0.02113,0.56751,67.402,58.784,8354999808,,1.334,572.3900083
AME,Industrials,Specialty Industrial Machinery,42079551488,2138388992,5.73,31.748692,6910462976,0.19271,0.25642002,0.078940004,0.14886,26.778,41.288,1819489024,,1.163,181.9200052
AMGN,Healthcare,Drug Manufacturers - General,1.52E+11,12247000064,7.84,35.989796,32533999616,0.13002,0.24156,0.04597,0.5572,802.418,14.004,7256999936,,0.599,282.1600006
APH,Technology,Electronic Components,81812692992,3586299904,1.92,35.34375,14232399872,0.15403,0.21865,0.1076,0.25293,57.565,7.842,2809400064,,1.238,67.86
ADI,Technology,Semiconductors,1.05E+11,4361349120,3.27,64.423546,9700435968,0.17068,0.2178,0.0286,0.04658,23.07,70.877,3989006080,,1.078,210.6649954
ANSS,Technology,Software - Application,30430851072,836108992,6.48,53.70062,2467742976,0.23008,0.26838,0.06086,0.10479999,14.888,66.673,770489024,,1.111,347.9800176
AON,Financial Services,Insurance Brokers,80382763008,4295000064,11.68,31.822319,14926000128,0.16320999,0.19162,0.05684,0.82182,274.699,28.841,3096000000,,0.909,371.6846859
APA,Energy,Oil & Gas E&P,8516180480,5047000064,7.04,3.2698865,8954999808,0.24824,-0.089049995,0.07833,0.6186,105.032,13.825,3614000128,,3.246,23.02000096
APO,Financial Services,Asset Management,95736061952,,9.47,17.866947,31670999040,0.18462,0.34789002,0.02544,0.33501,92.115,29.1,5320999936,,1.589,169.1999881
AAPL,Technology,Consumer Electronics,3.60E+12,1.35E+11,6.09,39.25944,3.91E+11,0.23971,0.31171,0.21464,1.5741299,209.059,3.767,1.18E+11,,1.24,239.0899896
AMAT,Technology,Semiconductor Equipment & Materials,1.41E+11,8204000256,8.61,20.127178,26854000640,0.27743,0.28652,0.15205,0.4391,35.409,22.853,7656999936,,1.551,173.2950026
APTV,Consumer Cyclical,Auto Parts,14762611712,3032999936,8.98,6.9944324,19725000704,0.122889996,0.11022,0.05353,0.24212,109.665,37.797,2010000000,,1.817,62.81000295
ACGL,Financial Services,Insurance - Diversified,35812593664,5171999744,14.9,6.388255,16867000320,0.33859003,0.24947001,0.04861,0.30441,12.243,57.234,6765000192,,0.613,95.1849995
ADM,Consumer Defensive,Farm Products,24352595968,3988000000,3.56,14.294944,88768004096,0.0293,0.0222,0.03415,0.1075,52.874,47.041,4728999936,,0.722,50.89000064
ANET,Technology,Computer Hardware,1.31E+11,2833341952,2.09,49.693783,6613147136,0.40293998,0.43362,0.15884,0.33833998,0.755,29.366,3203736064,,1.077,103.8600065
AJG,Financial Services,Insurance Brokers,73573228544,3382200064,5.24,56.20706,10667700224,0.10988,0.18721001,0.02923,0.10321999,70.273,55.533,2537200128,,0.727,294.5249944
AIZ,Financial Services,Insurance - Property & Casualty,11088335872,1241900032,13.99,15.453896,11755799552,0.06307,0.059710003,0.01873,0.15215,39.627,102.291,1592499968,,0.568,216.200005
T,Communication Services,Telecom Services,1.74E+11,42773000192,1.49,16.2651,1.22E+11,0.07419,0.23618999,0.04033,0.08759,125.151,14.266,38252998656,,0.73,24.234999
ATO,Utilities,Utilities - Regulated Gas,21944809472,1991972992,6.83,20.672768,4094885120,0.2509,0.32149,0.03579,0.090179995,64.648,78.485,1641298944,,0.672,141.1950054
ADSK,Technology,Software - Application,66802401280,1396000000,5.02,61.74801,5805000192,0.18208,0.23653999,0.0889,0.57445997,105.214,8.668,1160999936,,1.474,309.9750102
ADP,Technology,Software - Application,1.22E+11,5733100032,9.36,32.061966,19522899968,0.19715,0.26488,0.06544,0.87263,176.65,13.119,4655499776,,0.795,300.1000018
AZO,Consumer Cyclical,Specialty Retail,56240091136,4338463232,149.42,22.427889,18490267648,0.14399,0.20896,0.14281,,,-280.611,3004115968,,0.713,3351.175174
AVB,Real Estate,REIT - Residential,31200395264,1808050944,7.32,29.966528,2926010880,0.35606998,0.33742002,0.02874,0.08808,71.946,83.667,1625251968,,0.985,219.354985
AVY,Consumer Cyclical,Packaging & Containers,15577961472,1416300032,8.33,23.275509,8680500224,0.077649996,0.12810001,0.08507,0.30241,131.956,29.76,899500032,,0.896,193.88499
AXON,Industrials,Aerospace & Defense,47939104768,183220000,3.87,162.44702,1940449024,0.15324001,0.0448,0.022850001,0.16424,34.832,27.599,298184000,,0.943,628.6699674
BKR,Energy,Oil & Gas Equipment & Services,42787106816,4336999936,2.23,19.390135,27299999744,0.082049996,0.13463001,0.05432,0.14292,36.933,16.368,3073999872,,1.363,43.24000105
BALL,Consumer Cyclical,Packaging & Containers,16683504640,2092999936,2.4,23.293749,13784999936,0.30424,0.11843,0.046669997,0.14048,90.836,22.273,351000000,,0.899,55.9049976
BAC,Financial Services,Banks - Diversified,3.57E+11,,3.21,14.595015,94625996800,0.24952,0.30769,0.00729,0.08092,,35.371,-1995000064,,1.325,46.84999815
BAX,Healthcare,Medical Instruments & Supplies,16675804160,2744000000,0.25,130.64,15061999616,0.00717,0.08929,0.03159,0.01627,166.129,15.421,1062000000,,0.604,32.66
BDX,Healthcare,Medical Instruments & Supplies,72590450688,5109000192,5.87,42.641396,19828000768,0.07126,0.15192,0.032479998,0.05633,77.612,89.47,3944000000,,0.45,250.3049945
BRK-B,Financial Services,Insurance - Diversified,1.02E+12,1.50E+11,49.46,9.530932,3.70E+11,0.28893,0.36023,0.07893,0.18441999,19.707,437445.53,40370999296,,0.871,471.3998967
BBY,Consumer Cyclical,Specialty Retail,18424938496,2673999872,5.84,14.756849,42537000960,0.02962,0.04048,0.07219,0.4241,131.896,14.174,2106000000,,1.493,86.17999816
TECH,Healthcare,Biotechnology,11797731328,308515008,0.95,78.1579,1171582976,0.12864,0.18145001,0.0555,0.07287,18.653,13.461,303487008,,1.278,74.250005
BIIB,Healthcare,Drug Manufacturers - General,21344919552,2884999936,11.05,13.256108,9607499776,0.16812,0.2074,0.0499,0.1047,40.656,112.278,2127100032,,-0.061,146.4799934
BLK,Financial Services,Asset Management,1.62E+11,7673999872,42.02,24.945858,19360999424,0.31372,0.3985,0.03597,0.1505,32.503,278.317,4336000000,,1.311,1048.224953
BX,Financial Services,Asset Management,2.24E+11,,2.9,63.77241,11138276352,0.19971001,0.51078,0.100150004,0.22041,65.956,9.126,4215944960,,1.486,184.939989
BK,Financial Services,Banks - Diversified,61670244352,,5.8,14.815516,17801000960,0.20038,0.33231997,0.008590001,0.08563,,51.781,-2931000064,,1.06,85.9299928
BA,Industrials,Aerospace & Defense,1.37E+11,-3991000064,-12.94,,73292996608,-0.10880999,-0.31418,-0.02665,,,-38.123,-5248999936,,1.572,
BKNG,Consumer Cyclical,Travel Services,1.56E+11,7183000064,147.74,31.802523,23051999232,0.21846001,0.40893,0.15423,,,-110.109,8947999744,,1.385,4698.504748
BWA,Consumer Cyclical,Auto Parts,7048700928,1882000000,4.04,7.9777226,14168999936,0.06331,0.08437,0.052670002,0.15923999,74.606,28.148,1540999936,,1.186,32.2299993
BSX,Healthcare,Medical Devices,1.51E+11,4063000064,1.21,84.48347,15911000064,0.112629995,0.17059,0.04903,0.08916,53.722,14.054,2936000000,,0.797,102.2249987
BMY,Healthcare,Drug Manufacturers - General,1.20E+11,19161999360,-3.58,,47435001856,-0.15301,0.18475,0.060739998,-0.3133,299.052,8.453,15002999808,,0.441,
AVGO,Technology,Semiconductors,9.57E+11,22958000128,1.29,158.20155,46814998528,0.108830005,0.31765,0.077010006,0.12509,166.032,59.221,19185999872,,1.187,204.0799995
BR,Technology,Information Technology Services,27975045120,1545799936,5.77,41.478336,6498599936,0.10572,0.09453,0.082679994,0.31812,172.353,18.874,992700032,,1.06,239.3299987
BRO,Financial Services,Insurance Brokers,30039889920,1528300032,3.46,30.361273,4558700032,0.23066,0.28312,0.052020002,0.18144,58.92,22.601,1118499968,,0.825,105.0500046
BF-B,Consumer Defensive,Beverages - Wineries & Distilleries,15747368960,1198000000,2.12,15.759435,4091000064,0.24150999,0.29863,0.08517,0.29046,91.429,7.442,626000000,,0.759,33.4100022
BLDR,Industrials,Building Products & Equipment,19566751744,2349128960,10.24,16.603516,16731047936,0.07401,0.10113,0.10295,0.27435,97.541,38.48,2110928000,,2.081,170.0200038
BG,Consumer Defensive,Farm Products,10814111744,2486000128,7.89,9.816223,54501998592,0.02112,0.03076,0.04978,0.10922,63.434,72.587,2295000064,,0.655,77.44999947
BXP,Real Estate,REIT - Office,12806516736,1870726016,2.3,31.569567,3344005120,0.10857,0.29790002,0.02448,0.058280002,205.408,36.455,1237902976,,1.195,72.6100041
CHRW,Industrials,Integrated Freight & Logistics,12954085376,673996992,2.89,37.920414,17762187264,0.01956,0.03973,0.07148,0.22818,116.88,13.889,288484992,,0.842,109.5899965
CDNS,Technology,Software - Application,80958324736,1450493056,3.8,77.68026,4353906176,0.23868,0.309,0.10872,0.27072,61.911,16.639,1091282944,,1.02,295.184988
CZR,Consumer Cyclical,Resorts & Casinos,7522853888,3668000000,-1.68,,11271000064,-0.03203,0.22408001,0.044770002,-0.063769996,599.43,19.708,1274000000,,2.962,
CPT,Real Estate,REIT - Residential,12056019968,893276992,3.17,35.64984,1556548992,0.2216,0.18878001,0.021459999,0.07229,71.778,40.962,814499008,,0.92,113.0099928
CPB,Consumer Defensive,Packaged Foods,11793191936,1783000064,1.83,21.617487,9635999744,0.05884,0.119490005,0.06407,0.15203,198.683,12.732,1184999936,,0.181,39.56000121
COF,Financial Services,Credit Services,77988225024,,11.58,17.665804,26496999424,0.16455,0.29713,0.0091,0.07479,,152.237,22811000832,,1.432,204.5700103
CAH,Healthcare,Medical Distribution,31303995392,2924000000,5.2,24.875002,2.24E+11,0.0057,0.01054,0.03175,,,-13.541,1587000064,,0.616,129.3500104
KMX,Consumer Cyclical,Auto & Truck Dealerships,12954574848,926968000,2.94,28.64966,27679066112,0.01508,0.02696,0.01539,0.06853,314.637,38.536,1021150976,,1.686,84.2300004
CCL,Consumer Cyclical,Travel Services,37109383168,5878000128,1.44,19.0625,24479000576,0.063930005,0.27609,0.04249,0.20120001,352.355,6.785,5934000128,,2.668,27.45
CARR,Industrials,Building Products & Equipment,60486557696,3318000128,1.7,39.65588,24800999424,0.14003,0.12684,0.04176,0.13931,85.607,16.366,1492999936,,1.212,67.414996
CAT,Industrials,Farm & Heavy Construction Machinery,1.88E+11,15818999808,21.53,18.059916,65664000000,0.1626,0.19496,0.09932,0.53475,195.336,40.176,12645000192,,1.095,388.8299915
CBOE,Financial Services,Financial Data & Stock Exchanges,21407240192,1290400000,7.33,27.897682,3955599872,0.19729,0.29118,0.08826999,0.19518,38.137,40.203,1622000000,,0.666,204.4900091
CBRE,Real Estate,Real Estate Services,43644284928,2213600000,3.09,46.15534,34313000960,0.02792,0.043270003,0.04146,0.11434,73.116,28.897,1220999936,,1.395,142.6200006
CDW,Technology,Information Technology Services,25782585344,1996300032,8.19,23.622711,20831199232,0.05327,0.0877,0.079,0.53360003,278.653,17.637,1468499968,,1.053,193.4700031
CE,Basic Materials,Chemicals,7883581952,1851000064,10.04,7.183267,10478999552,0.10402001,0.11517999,0.02698,0.15095,172.83,66.571,1302000000,,1.304,72.12000068
COR,Healthcare,Medical Distribution,49614536704,4303009792,7.52,34.03391,2.94E+11,0.00513,0.00851,0.03096,2.0911798,557.753,4.008,3484685056,,0.436,255.9350032
CNC,Healthcare,Healthcare Plans,32919721984,5919000064,5.79,11.261659,1.46E+11,0.02098,0.0296,0.03506,0.11559,64.231,53.535,958000000,,0.493,65.20500561
CNP,Utilities,Utilities - Regulated Electric,21001900032,3081999872,1.5,21.483332,8562999808,0.11246,0.22575001,0.027520001,0.09573,188.828,16.165,2058000000,,0.917,32.224998
CF,Basic Materials,Agricultural Inputs,15719227392,2651000064,6.31,14.315372,5983000064,0.19455,0.26496,0.07842,0.1792,42.006,29.795,2331000064,,0.957,90.32999732
CRL,Healthcare,Diagnostics & Research,8373552640,948771008,8.01,20.443195,4060915968,0.10436,0.14692001,0.04873,0.11924,72.176,73.968,796158016,,1.376,163.7499919
SCHW,Financial Services,Capital Markets,1.51E+11,,2.99,27.67893,18736001024,0.27471,0.38416,0.01094,0.12111,144.242,20.783,33533999104,,0.952,82.7600007
CHTR,Communication Services,Telecom Services,52226928640,21500000256,31.9,11.533855,54869999616,0.085200004,0.24341999,0.05407,0.32965,533.472,99.152,14824999936,,1.036,367.9299745
CVX,Energy,Oil & Gas Integrated,2.77E+11,38942998528,9.1,17.076921,1.92E+11,0.087019995,0.109110005,0.053740002,0.103520006,16.456,86.919,35230998528,,1.078,155.3999811
CMG,Consumer Cyclical,Restaurants,78389796864,2233638912,1.08,53.268517,10984862720,0.13512999,0.17483999,0.14012,0.45673,124.061,2.65,1843764992,,1.266,57.52999836
CB,Financial Services,Insurance - Property & Casualty,1.10E+11,11363000320,24.39,11.219353,54697000960,0.18277,0.19610001,0.02915,0.16125,31.706,163.155,14803000320,,0.681,273.6400197
CHD,Consumer Defensive,Household & Personal Products,26467133440,1330099968,2.23,48.443947,6053100032,0.09083,0.17582001,0.08087,0.13338,57.536,17.122,1099399936,,0.55,108.0300018
CI,Healthcare,Healthcare Plans,84441677824,8554999808,10.55,28.775354,2.30E+11,0.01323,0.027449999,0.027999999,0.07606,80.15,150.608,6617999872,,0.511,303.5799847
CINF,Financial Services,Insurance - Property & Casualty,21773115392,4062000128,19.46,7.1577597,12154999808,0.25257,0.31717,0.07219,0.25135002,6.331,88.317,2584000000,,0.666,139.2900038
CTAS,Industrials,Specialty Business Services,81511858176,2450383872,4.15,48.67229,9755872256,0.16795,0.22427,0.14961,0.40462002,70.573,10.657,2209568000,,1.313,201.9900035
CSCO,Technology,Communication Equipment,2.36E+11,13752000512,2.33,25.4206,52976001024,0.17731,0.17036,0.06278,0.20761,70.647,11.348,12170000384,,,59.229998
C,Financial Services,Banks - Diversified,1.50E+11,,5.95,13.441176,69307998208,0.11524,0.24610001,0.00339,0.03874,,101.907,-49130999808,,1.426,79.9749972
CFG,Financial Services,Banks - Regional,20674682880,,3.03,15.488449,7114999808,0.18229,0.27183,0.00583,0.05426,,51.256,2188000000,,1.32,46.93000047
CLX,Consumer Defensive,Household & Personal Products,19843332096,1371000064,2.88,55.663193,7469000192,0.0478,0.17367001,0.12546,2.08451,1287.5,0.485,896000000,,0.399,160.3099958
CME,Financial Services,Financial Data & Stock Exchanges,85027405824,4209900032,9.5,24.836842,6034400256,0.57434,0.64745003,0.01837,0.12297,13.621,78.474,3716900096,,0.559,235.949999
CMS,Utilities,Utilities - Regulated Electric,19567427584,2739000064,3.51,18.65812,7475999744,0.14005,0.23465,0.030450001,0.11501,187.096,26.396,2372000000,,0.407,65.4900012
KO,Consumer Defensive,Beverages - Non-Alcoholic,2.71E+11,14830999552,2.41,26.130703,46365999104,0.2245,0.30235,0.08438,0.3723,167.358,6.153,5523999744,,0.62,62.97499423
CTSH,Technology,Information Technology Services,40211324928,3470000128,4.52,17.942478,19412000768,0.116009995,0.15285,0.097799994,0.16478,12.891,29.137,1940999936,,1.052,81.10000056
CL,Consumer Defensive,Household & Personal Products,74045702144,4894000128,3.48,26.043102,20106000384,0.14264,0.21000999,0.16329001,4.87923,1009.091,0.532,3974000128,,0.415,90.62999496
CMCSA,Communication Services,Telecom Services,1.45E+11,37285998592,3.71,10.1827755,1.23E+11,0.11924,0.18269,0.05365,0.16884,117.127,22.37,25514999808,,1.004,37.77809711
CAG,Consumer Defensive,Packaged Foods,12263305216,2239500032,1.03,24.94369,11941799936,0.041389998,0.14738,0.0531,0.05605,100.881,17.651,1840700032,,0.332,25.6920007
COP,Energy,Oil & Gas E&P,1.31E+11,24445999104,8.43,11.970344,56924000256,0.17472,0.24277,0.1003,0.20376,36.695,43.34,20930000896,,1.22,100.9099999
ED,Utilities,Utilities - Regulated Electric,32620750848,5555999744,5.32,17.698307,15031000064,0.12267999,0.21237,0.03222,0.08582,120.07,63.289,3279000064,,0.353,94.15499324
STZ,Consumer Defensive,Beverages - Brewers,33451610112,3887300096,3.76,49.219418,10190799872,0.05687,0.37085998,0.08984999,0.07111,149.155,53.273,3030299904,,0.893,185.0650117
CEG,Utilities,Utilities - Renewable,85382881280,5997000192,9.08,30.058369,23982000128,0.11926,0.22397,0.040599998,0.22846001,65.003,40.16,-4630000128,,0.776,272.9299905
COO,Healthcare,Medical Instruments & Supplies,19631982592,1023000000,1.96,50.186222,3804100096,0.09445,0.19195999,0.03393,0.0465,36.711,39.804,615400000,,0.99,98.36499512
CPRT,Industrials,Specialty Business Services,55980974080,1754322944,1.43,40.62937,4236823040,0.32171002,0.33633998,0.12967,0.20129,1.573,7.813,1472563968,,1.271,58.0999991
GLW,Technology,Electronic Components,43414081536,2607000064,0.19,266.86844,12611000320,0.01237,0.11236,0.02754,0.019299999,72.739,13.64,2028999936,,1.029,50.7050036
CPAY,Technology,Software - Infrastructure,26515728384,2066438016,14,27.169035,3877477888,0.26142,0.45485002,0.06545,0.32836,253.558,44.309,2008395008,,1.214,380.36649
CTVA,Basic Materials,Agricultural Inputs,44131082240,3014000128,0.96,66.885414,16636999680,0.04177,-0.19990999,0.026129998,0.02704,22.883,35.894,2344999936,,0.773,64.20999744
CSGP,Real Estate,Real Estate Services,31452131328,170300000,0.42,182.66667,2666899968,0.06577,0.03422,0.00237,0.02386,14.763,18.293,446500000,,0.823,76.7200014
COST,Consumer Defensive,Discount Stores,4.29E+11,11521999872,16.99,56.83745,2.54E+11,0.02895,0.03817,0.0836,0.30267,42.118,53.308,11338999808,,0.789,965.6682755
CTRA,Energy,Oil & Gas E&P,20403650560,3448999936,1.65,16.791273,5498999808,0.22549999,0.26087,0.05093,0.095979996,18.111,17.709,2928999936,,0.197,27.70560045
CRWD,Technology,Software - Infrastructure,99366789120,187490000,0.52,775.80774,3516257024,0.0484,0.01417,0.00525,0.07334,27.398,9.526,1330402944,,1.102,403.4200248
CCI,Real Estate,REIT - Specialty,39222472704,3993999872,2.82,32.003548,6592999936,0.18626,0.36743,0.03745,0.20527,559.592,12.175,2934000128,,0.875,90.25000536
CSX,Industrials,Railroads,63531794432,7191000064,1.79,18.405027,14680999936,0.24971001,0.37717998,0.08164,0.29458,147.913,6.705,5383000064,,1.191,32.94499833
CMI,Industrials,Specialty Industrial Machinery,47606267904,4582000128,15.28,22.711388,34197999616,0.06132,0.11625,0.06894,0.19375,72.251,75.192,1524000000,,0.971,347.0300086
CVS,Healthcare,Healthcare Plans,72320827392,14115000320,3.94,14.586294,3.67E+11,0.013660001,0.0159,0.02365,0.06697,110.116,59.574,4610999808,,0.543,57.46999836
DHR,Healthcare,Diagnostics & Research,1.80E+11,7511000064,5.31,46.887005,23741999104,0.16393,0.20335,0.03858,0.07586,36.69,71.032,6288000000,,0.881,248.9699966
DRI,Consumer Cyclical,Restaurants,22472308736,1789500032,8.74,21.948513,11416399872,0.091120005,0.098009996,0.07408,0.48619,326.282,18.866,1616000000,,1.309,191.8300036
DVA,Healthcare,Medical Care Facilities,14387829760,2657765120,9.29,18.881594,12666613760,0.06534,0.16275999,0.06944,0.44884,549.552,4.68,1959616000,,0.887,175.4100083
DAY,Technology,Software - Application,11759688704,252100000,0.34,219.32353,1694499968,0.03122,0.06205,0.00778,0.02194,48.404,16.198,290000000,,1.271,74.5700002
DECK,Consumer Cyclical,Footwear & Accessories,32710326272,1145432064,5.66,38.040638,4656732160,0.18799,0.23266001,0.21596001,0.4357,11.633,14.626,933756032,,1.053,215.3100111
DE,Industrials,Farm & Heavy Construction Machinery,1.30E+11,14364000256,25.61,18.698946,55955001344,0.14698,0.19016,0.07862,0.35481,288.043,84.291,9831999488,,0.935,478.8800071
DELL,Technology,Computer Hardware,71138000896,8725999616,5.65,18.046017,91838996480,0.04325,0.06673,0.04377,,,-3.41,6067999744,,0.954,101.9599961
DAL,Industrials,Airlines,43178979328,8415000064,5.33,12.554409,60307001344,0.07712,0.08452,0.05271,0.4067,186.78,21.285,6675999744,,1.341,66.91499997
DVN,Energy,Oil & Gas E&P,22771437568,7622000128,5.4,6.4194446,14529000448,0.23429,0.32062,0.10674,0.26279,64.021,21.698,6672999936,,2.071,34.66500084
DXCM,Healthcare,Medical Devices,34470010880,840400000,1.65,53.484848,3953999872,0.17218,0.15289,0.06062,0.32061002,130.935,5.067,821699968,,1.173,88.2499992
FANG,Energy,Oil & Gas E&P,49022029824,6817999872,17.33,9.687824,9157000192,0.35208,0.42224,0.06204,0.122650005,33.574,127.856,5696000000,,1.875,167.8899899
DLR,Real Estate,REIT - Specialty,53613944832,2337596928,1.24,127.879036,5374854144,0.08209,0.10094,0.008690001,0.01956,79.825,61.912,1954306944,,0.609,158.5700046
DFS,Financial Services,Credit Services,50679377920,,17.73,11.373943,11685999616,0.27306,0.34264,0.02163,0.20263,105.313,68.765,,,1.402,201.6600094
DG,Consumer Defensive,Discount Stores,15791787008,3025478912,6.06,11.84901,39676977152,0.03568,0.05386,0.042519998,0.20882,250.873,30.725,3317806080,,0.449,71.8050006
DLTR,Consumer Defensive,Discount Stores,16013955072,2604699904,-4.7,,30966300672,-0.0344,0.027520001,0.04566,-0.12983,146.319,33.561,2763300096,,0.874,
D,Utilities,Utilities - Regulated Electric,46284550144,7032000000,2.71,20.332102,14593000448,0.16946,0.35981,0.02589,0.085030004,156.351,31.17,5762999808,,0.596,55.09999642
DPZ,Consumer Cyclical,Restaurants,14838401024,921121024,16.25,26.443077,4665474048,0.122609995,0.18064,0.31768,,,-112.88,615612992,,0.859,429.7000012
DOV,Industrials,Specialty Industrial Machinery,26794283008,1765938048,11.01,17.738873,8474512896,0.18378,0.17549999,0.07851,0.2911,59.444,41.533,1273246976,,1.218,195.3049917
DOW,Basic Materials,Chemicals,28999421952,4851999744,1.5,27.614866,43179999232,0.02464,0.04146,0.02254,0.05863,95.059,26.155,3756000000,,1.222,41.422299
DHI,Consumer Cyclical,Residential Construction,46436757504,6202899968,14.14,10.236202,36801400832,0.12925,0.16636999,0.1113,0.19631,22.915,78.119,2189799936,,1.744,144.7398963
DTE,Utilities,Utilities - Regulated Electric,24568907776,3448000000,7.38,16.074863,12414999552,0.12332,0.17791,0.02964,0.13638,213.847,55.973,3404000000,,0.683,118.6324889
DUK,Utilities,Utilities - Regulated Electric,86232162304,14106000384,5.57,20.041292,29750999040,0.14534001,0.26147,0.026619999,0.088369995,169.205,62.383,11520000000,,0.457,111.6299964
DD,Basic Materials,Specialty Chemicals,31802195968,2977999872,1.28,59.445312,12192000000,0.06553,0.16604,0.0292,0.02187,31.03,57.938,1836999936,,1.338,76.08999936
EMN,Basic Materials,Specialty Chemicals,10690656256,1684000000,7.46,12.363271,9344000000,0.09471,0.14976,0.049990002,0.15925,90.817,48.8,1199000064,,1.459,92.23000166
ETN,Industrials,Specialty Industrial Machinery,1.20E+11,5449999872,9.41,32.142403,24604999680,0.15314001,0.19228001,0.07403,0.20079,52.594,48.373,4028000000,,1.01,302.4600122
EBAY,Consumer Cyclical,Internet Retail,31968458752,2619000064,3.97,16.811083,10266000384,0.19677,0.23098,0.06922,0.35851002,145,11.245,1859000064,,1.337,66.73999951
ECL,Basic Materials,Specialty Chemicals,70391234560,3538599936,7.14,34.81653,15674600448,0.13045,0.14715,0.07416,0.25164,103.915,23.458,2899699968,,1.141,248.5900242
EIX,Utilities,Utilities - Regulated Electric,21752025088,6444000256,3.42,16.428362,17321000960,0.07632,0.21169001,0.0298,0.07411,202.126,36.208,4698999808,,0.935,56.18499804
EW,Healthcare,Medical Devices,42430214144,2052400000,2.59,27.776064,6314899968,0.65859,0.29113,0.106479995,0.19139,7.353,16.184,806400000,,1.12,71.94000576
EA,Communication Services,Electronic Gaming & Multimedia,30442027008,1890000000,3.9,29.761538,7408999936,0.14118,0.21481001,0.07274,0.13962,29.954,28.151,2198000128,,0.781,116.0699982
ELV,Healthcare,Healthcare Plans,94617632768,11347999744,25.66,15.899065,1.74E+11,0.03688,0.043860003,0.05844,0.15504,61.87,188.743,2131000064,,0.853,407.9700079
EMR,Industrials,Specialty Industrial Machinery,73494953984,4614000128,2.82,45.760532,17492000768,0.11251,0.17601,0.04335,0.05933,30.376,37.945,3332000000,,1.292,129.0447002
ENPH,Technology,Solar,8348262400,102900000,0.46,134.32608,1250240000,0.04912,0.1325,0.00565,0.06312,143.041,6.895,381851008,,1.767,61.7899968
ETR,Utilities,Utilities - Regulated Electric,32514971648,4596974080,4.11,18.448904,11862153216,0.1481,0.33657002,0.024149999,0.11951,188.807,70.113,4172163072,,0.701,75.82499544
EOG,Energy,Oil & Gas E&P,73138184192,13168000000,12.39,10.495157,23864000512,0.2992,0.35568002,0.12552,0.24908,13.911,52.369,12483999744,,1.289,130.0349952
EPAM,Technology,Information Technology Services,14390502400,659422016,7.69,32.991547,4636846080,0.09679,0.15467,0.08329,0.13094,4.654,62.673,600278016,,1.457,253.7049964
EQT,Energy,Oil & Gas E&P,29574643712,2601137920,0.75,66.08666,4623048192,0.06797,-0.22052,0.01047,0.018229999,67.324,34.103,2695083008,,1.069,49.564995
EFX,Industrials,Consulting Services,34236160000,1697699968,4.51,61.242786,5588199936,0.100659996,0.17138,0.05224,0.11927,108.422,39.621,1321799936,,1.594,276.2049649
EQIX,Real Estate,REIT - Specialty,87124983808,3352907008,11.07,81.56821,8401490944,0.12571,0.15682,0.025559999,0.08267,140.964,140.826,3266595072,,0.701,902.9600847
EQR,Real Estate,REIT - Residential,27145766912,1796182016,2.37,29.286922,2940828928,0.3157,0.29834,0.0273,0.08361,76.033,28.566,,,0.913,69.41000514
ERIE,Financial Services,Insurance Brokers,21505789952,710918720,10.71,38.401493,3688691968,0.1516,0.18504,0.15749,0.31418,0.406,37.253,566227008,,0.454,411.27999
ESS,Real Estate,REIT - Residential,18827792384,1109452032,8.55,33.064327,1752440064,0.31354,0.30375,0.02683,0.10176,113.371,84.55,1053654976,,0.897,282.6999959
EL,Consumer Defensive,Household & Personal Products,29676709888,2438000128,0.56,147.625,15450999808,0.01314,0.038680002,0.04572,0.03857,196.892,14.162,2098000000,,1.044,82.67
EG,Financial Services,Insurance - Reinsurance,15786899456,,64.08,5.7322097,16436500480,0.16853,0.16320999,0.03416,0.20858,22.087,356.628,5193999872,,0.629,367.3199976
EVRG,Utilities,Utilities - Regulated Electric,14582777856,2564199936,3.7,17.137838,5777800192,0.14769,0.34443,0.027880002,0.08733,137.464,43.593,2016600064,,0.608,63.4100006
ES,Utilities,Utilities - Regulated Electric,21258643456,4149131008,-1.61,,11623559168,-0.047259998,0.21024,0.02987,-0.03491,187.768,41.343,1994614016,,0.622,
EXC,Utilities,Utilities - Regulated Electric,40112812032,7148000256,2.43,16.427982,22923999232,0.106000006,0.19174999,0.02596,0.0933,173.221,26.494,5553999872,,0.61,39.91999626
EXPE,Consumer Cyclical,Travel Services,21801494528,1720000000,7.69,22.089077,13393999872,0.07966,0.21181999,0.041589998,0.38564998,255.417,10.261,2648999936,,1.785,169.8650021
EXPD,Industrials,Integrated Freight & Logistics,15976860672,1006916992,5.13,22.249512,9923577856,0.073860005,0.1005,0.12048,0.30290002,23.009,16.837,631998016,,0.974,114.1399966
EXR,Real Estate,REIT - Industrial,34041382912,2260791040,3.74,41.26738,3311250944,0.24412,0.46028,0.03329,0.05568,81.828,66.093,1843666048,,0.886,154.3400012
XOM,Energy,Oil & Gas Integrated,4.76E+11,71537999872,8.03,13.494396,3.44E+11,0.09802,0.13274,0.07083,0.14513999,15.394,61.112,56475000832,,0.88,108.3599999
FFIV,Technology,Software - Infrastructure,15700001792,782097984,9.55,28.047121,2816120064,0.20126,0.25844,0.0777,0.19117,6.895,53.867,792419008,,1.05,267.8500056
FDS,Financial Services,Financial Data & Stock Exchanges,17928482816,831163008,13.98,33.721745,2203056128,0.24381,0.23386,0.11006,0.30411,82.338,50.391,700337984,,0.752,471.4299951
FICO,Technology,Software - Application,45419061248,747456000,20.45,91.21858,1717526016,0.29858,0.4345,0.27847,,,-39.467,632963968,,1.352,1865.419961
FAST,Industrials,Industrial Distribution,43079266304,1693200000,2,37.57,7480099840,0.15439999,0.20317,0.2034,0.32698002,14.644,6.279,1244499968,,0.979,75.14
FRT,Real Estate,REIT - Retail,9339009024,739025984,3.44,31.718023,1185020032,0.24791001,0.35044998,0.03082,0.09324,135.474,34.745,567582976,,1.258,109.1099991
FDX,Industrials,Integrated Freight & Logistics,67096080384,10885000192,15.65,17.800589,87591002112,0.0462,0.0764,0.047270004,0.1507,,112.901,7269000192,,1.177,278.5792178
FIS,Technology,Information Technology Services,43507400704,3571000064,0.97,83.31505,10030999552,0.14146,0.2358,0.02592,0.03034,66.387,30.514,2912000000,,1.074,80.8155985
FITB,Financial Services,Banks - Regional,29905633280,,3.14,14.218153,8063000064,0.27583,0.36917,0.01041,0.119160004,,27.604,4997000192,,1.231,44.64500042
FSLR,Technology,Solar,17042563072,1716966016,11.62,13.6996565,3850810880,0.32412997,0.36275002,0.078990005,0.17964001,9.141,70.93,968112000,,1.481,159.1900085
FE,Utilities,Utilities - Regulated Electric,23127601152,3924000000,1.55,25.890324,13256999936,0.06729,0.22151,0.02707,0.083050005,173.13,21.563,2804999936,,0.495,40.1300022
FI,Technology,Information Technology Services,1.21E+11,8766000128,5.18,41.033783,20121999360,0.15222,0.30719,0.043169998,0.10618,89.406,48.686,6005000192,,0.919,212.5549959
FMC,Basic Materials,Agricultural Inputs,7075080192,703299968,12.19,4.649303,4167899904,0.34931,0.14849,0.028269999,0.38454,90.927,36.911,564400000,,0.853,56.67500357
F,Consumer Cyclical,Auto Manufacturers,39597441024,9360000000,0.88,11.322045,1.83E+11,0.01931,0.02678,0.00746,0.0799,359.359,11.15,14887000064,,1.636,9.9633996
FTNT,Technology,Software - Infrastructure,76434522112,1727900032,1.99,50.113064,5710799872,0.26790002,0.31152,0.12324,3.1152499,118.588,1.186,1972199936,,0.995,99.72499736
FTV,Technology,Scientific & Technical Instruments,27670915072,1698499968,2.5,31.901999,6195200000,0.14355,0.19379999,0.044299997,0.08615,38.261,30.426,1471399936,,1.174,79.7549975
FOXA,Communication Services,Entertainment,22317002752,3025999872,4.09,12.255501,14337000448,0.13399,0.2674,0.07429,0.17711,70.271,24.629,1996999936,,0.77,50.12499909
FOX,Communication Services,Entertainment,22295365632,3025999872,4.09,11.645476,14337000448,0.13399,0.2674,0.07429,0.17711,70.271,24.629,1996999936,,0.77,47.62999684
BEN,Financial Services,Asset Management,10684013568,1688400000,0.85,23.988234,8478000128,0.054819997,0.13069999,0.02464,0.04321,25.715,23.889,971299968,,1.402,20.3899989
FCX,Basic Materials,Copper,51577167872,9900000256,1.3,27.610771,25639999488,0.07812,0.29042998,0.08642,0.16870001,33.531,12.212,7043999744,,1.91,35.8940023
GRMN,Technology,Scientific & Technical Instruments,41836867584,1596897024,7.87,27.683863,5956843008,0.2548,0.27583,0.10241,0.21909,1.908,39.069,1414521984,,0.983,217.8720018
IT,Technology,Information Technology Services,41820291072,1298909952,13.53,40.072063,6138409984,0.1733,0.16731001,0.094960004,1.30419,282.147,13.737,1373896960,,1.322,542.1750124
GE,Industrials,Aerospace & Defense,2.07E+11,8935000064,6.09,31.680622,69953003520,0.08926,0.18247999,0.03017,0.22552,110.224,17.439,6543000064,,1.188,192.934988
GEHC,Healthcare,Health Information Services,40385839104,3571000064,3.65,24.218138,19559000064,0.08564,0.16059999,0.05637,0.21853,126.093,18.205,2088000000,,,88.3962037
GEV,Utilities,Utilities - Renewable,92743491584,1396999936,5.58,60.295506,34422001664,0.03675,-0.00247,,,9.346,34.509,3592999936,,,336.4489235
GEN,Technology,Software - Infrastructure,17099132928,1808999936,0.99,28.025253,3863000064,0.16153,0.41581002,0.06242,0.2766,409.342,3.406,2135000064,,1.054,27.74500047
GNRC,Industrials,Specialty Industrial Machinery,8680358912,660542976,4.8,30.39479,4124702976,0.07169,0.14369,0.059180003,0.123780005,65.432,40.497,718793024,,1.367,145.894992
GD,Industrials,Aerospace & Defense,72826912768,5402999808,13.11,20.202518,46045999104,0.07903,0.10205,0.05114,0.16952999,48.609,83.682,3144999936,,0.614,264.855011
GIS,Consumer Defensive,Packaged Foods,33371523072,4214599936,4.6,13.16087,19800600576,0.12136,0.175,0.07251,0.24168,139.823,16.807,3548699904,,0.107,60.540002
GM,Consumer Cyclical,Auto Manufacturers,55140323328,18371000320,9.37,5.35174,1.83E+11,0.06058,0.07857,0.026989998,0.14167,174.581,64.486,19645999104,,1.414,50.1458038
GPC,Consumer Cyclical,Auto Parts,16422932480,2055010944,7.76,15.221649,23302279168,0.046690002,0.063319996,0.056009997,0.24416,127.177,33.769,1449389056,,0.933,118.1199962
GILD,Healthcare,Drug Manufacturers - General,1.19E+11,13948999680,0.09,1065,28298999808,0.00445,0.41962,0.119619995,0.00561,126.415,14.827,10021999616,,0.192,95.85
GPN,Industrials,Specialty Business Services,28129333248,4356144128,5.3,20.854715,10024320000,0.13612,0.2663,0.03162,0.06064,74.476,89.667,3536706048,,0.979,110.5299895
GL,Financial Services,Insurance - Life,10213600256,1495667968,11.79,10.319762,5727482880,0.19037001,0.28285998,0.03308,0.23546,67.544,55.041,1456909952,,0.807,121.669994
GDDY,Technology,Software - Infrastructure,29970671616,1015600000,12.46,17.133226,4480900096,0.41335,0.22159,0.07535,,1107.373,2.542,1244899968,,1.114,213.479996
GS,Financial Services,Capital Markets,1.99E+11,,40.53,15.660006,49386999808,0.24648,0.32743,0.00737,0.1017,609.793,327.611,-88335998976,,1.342,634.7000432
HAL,Energy,Oil & Gas Equipment & Services,23464787968,5112000000,2.83,9.438163,23072999424,0.11038999,0.17114,0.10176,0.26293,83.993,11.727,3819000064,,1.905,26.71000129
HIG,Financial Services,Insurance - Property & Casualty,32885235712,4254000128,9.95,11.401006,26083999744,0.11612,0.14918,0.03165,0.19740999,25.629,57.335,5662000128,,0.936,113.4400097
HAS,Consumer Cyclical,Leisure,8160807936,772200000,-4.64,,4322800128,-0.14833,0.23562,0.047319997,-0.36224997,305.016,9.228,978300032,,0.619,
HCA,Healthcare,Medical Care Facilities,83941351424,13747000320,22.01,15.056564,69620998144,0.085159995,0.13781999,0.115109995,11.954511,5711.069,-8.573,10629000192,,1.689,331.3949736
DOC,Real Estate,REIT - Healthcare Facilities,14471476224,1400305024,0.49,42.22449,2556112896,0.12109999,0.16525999,0.01592,0.04085,96.594,12.243,1018214016,,1.117,20.6900001
HSIC,Healthcare,Medical Distribution,9495080960,922000000,2.44,31.211065,12499000320,0.025120001,0.06553,0.03876,0.06334,60.189,27.989,612000000,,0.867,76.1549986
HSY,Consumer Defensive,Confectioners,30470578176,2952748032,8.7,17.308023,10971834368,0.16166,0.22027999,0.12749,0.43405998,134.227,20.781,2347642880,,0.374,150.5798001
HES,Energy,Oil & Gas E&P,44633976832,6984999936,8.58,16.88345,12462999552,0.21183,0.33291,0.115150005,0.2885,81.969,35.236,5632000000,,1.16,144.860001
HPE,Technology,Communication Equipment,27977070592,4909000192,1.93,11.020726,29020000256,0.06392,0.07808,0.02484,0.086660005,53.696,17.004,5153999872,,1.206,21.27000118
HLT,Consumer Cyclical,Lodging,61823823872,2456999936,4.67,54.305138,4695000064,0.25069,0.50161,0.09082,,,-14.186,1896000000,,1.307,253.6049945
HOLX,Healthcare,Medical Instruments & Supplies,16245284864,1242700032,3.32,21.677711,3987599872,0.17592,0.24355,0.06446,0.13846,49.407,21.944,1176899968,,0.986,71.97000052
HD,Consumer Cyclical,Home Improvement Retail,4.16E+11,24757999616,14.74,28.391588,1.55E+11,0.0945,0.13472,0.15313,4.04933,1095.368,5.839,19872000000,,1.011,418.4920071
HON,Industrials,Conglomerates,1.44E+11,9164000256,8.67,25.479803,37850001408,0.15015,0.2207,0.07332,0.31865,177.821,26.768,6770999808,,1.025,220.909892
HRL,Consumer Defensive,Packaged Foods,16882149376,1353831040,1.47,20.918367,11980785664,0.065170005,0.08943,0.05164,0.10005,36.305,14.347,1177208064,,0.254,30.74999949
HST,Real Estate,REIT - Hotel & Motel,12211497984,1515000064,1.03,16.733011,5590000128,0.12898,0.08176,0.037639998,0.105229996,81.953,9.602,1474000000,,1.344,17.23500133
HWM,Industrials,Aerospace & Defense,51119820800,1772000000,2.6,48.396156,7270000128,0.14814,0.22452,0.09047,0.25719,78.925,10.925,1276000000,,1.293,125.8300056
HPQ,Technology,Computer Hardware,30744770560,5045000192,2.81,11.666904,53320998912,0.053319998,0.07486,0.07047,,,-1.444,4100999936,,1.087,32.78400024
HUBB,Industrials,Electrical Equipment & Parts,21892732928,1266200064,13.89,29.36717,5640000000,0.1333,0.21149,0.10549,0.25344,64.783,59.902,904300032,,0.899,407.9099913
HUM,Healthcare,Healthcare Plans,36207587328,3779000064,11.46,26.239094,1.15E+11,0.011820001,0.02664,0.040149998,0.078379996,75.908,145.875,-3640000000,,0.52,300.7000172
HBAN,Financial Services,Banks - Regional,24857243648,,1.22,14.016394,6689999872,0.24709,0.37835,0.00865,0.08545,,12.536,1228999936,,1.057,17.10000068
HII,Industrials,Aerospace & Defense,7736253952,1071000000,17.7,11.170056,11708000256,0.05987,0.04147,0.042680003,0.17666,67.095,107.414,564000000,,0.548,197.7099912
IBM,Technology,Information Technology Services,2.08E+11,14675999744,6.86,32.725773,62579998720,0.10222,0.14130999,0.047270004,0.26729,245.112,26.44,13578000384,,0.71,224.4988028
IEX,Industrials,Specialty Industrial Machinery,16681842688,862700032,6.44,34.208076,3194800128,0.1535,0.22375,0.06906,0.13592,55.059,50.315,696499968,,0.952,220.3000094
IDXX,Healthcare,Diagnostics & Research,34442342400,1299420032,10.35,40.63961,3844816896,0.22530001,0.37455,0.22787,0.59424,61.696,19.723,916827008,,1.357,420.6199635
ITW,Industrials,Specialty Industrial Machinery,76715991040,4652000256,11.56,22.473183,15948999680,0.21663,0.26752,0.17029,1.08036,246.05,11.483,3206000128,,1.109,259.7899955
INCY,Healthcare,Biotechnology,14242614272,80491000,0.09,821.4444,4075859968,0.00797,0.14961,-0.00124,0.00802,1.151,16.448,101848000,,0.71,73.929996
IR,Industrials,Specialty Industrial Machinery,36649910272,1901100032,2.05,44.360977,7157799936,0.11715999,0.20698999,0.053400002,0.08479,47.256,25.455,1451900032,,1.422,90.94000285
PODD,Healthcare,Medical Devices,19437123584,410600000,5.88,47.12585,1983900032,0.21215999,0.16198,0.07566,0.48786,128.909,15.939,327800000,,1.219,277.099998
INTC,Technology,Semiconductors,85893398528,10439000064,-3.74,,54246998016,-0.29423,-0.010460001,-0.00263,-0.15597,47.906,23.099,9747000320,,1.026,
ICE,Financial Services,Financial Data & Stock Exchanges,91770716160,5558000128,4.21,37.96437,9157000192,0.26525998,0.4768,0.01983,0.09408,78.899,47.444,4072000000,,1.092,159.8299977
IFF,Basic Materials,Specialty Chemicals,22203424768,1876000000,-9.08,,11416000512,-0.20331,0.08547,0.01613,-0.1453,66.117,57.783,1346000000,,1.238,
IP,Consumer Cyclical,Packaging & Containers,20407093248,1955000064,1.17,50.205986,18639998976,0.02253,0.05356,0.02327,0.04797,69.707,24.839,1772999936,,0.988,58.74100362
IPG,Communication Services,Advertising Agencies,10786171904,1732099968,2.12,13.65802,9338900480,0.086540006,0.16194999,0.05392,0.21792999,111.806,10.002,1081900032,,1.09,28.9550024
INTU,Technology,Software - Application,1.69E+11,4496000000,10.25,59.029266,16284999680,0.18195,0.15697,0.08039,0.16597,,65.78,4883999744,,1.246,605.0499765
ISRG,Healthcare,Medical Instruments & Supplies,2.05E+11,2505100032,6.42,89.66978,7866899968,0.28513,0.28325,0.0795,0.15973,,43.749,1820700032,,1.389,575.6799876
IVZ,Financial Services,Asset Management,8530371072,1053000000,-0.91,,5887399936,-0.030030001,0.19670999,0.019129999,-0.00944,5.597,23.905,1587399936,,1.424,
INVH,Real Estate,REIT - Residential,19131684864,1407630976,0.72,43.374996,2554563072,0.17238002,0.26127002,0.02244,0.04369,90.848,16.187,1036540992,,1.014,31.22999712
IQV,Healthcare,Diagnostics & Research,37026000896,2827000064,7.62,26.771654,15315000320,0.09174,0.14836,0.051149998,0.22001,200.258,38.365,2577999872,,1.513,204.0000035
IRM,Real Estate,REIT - Specialty,28729735168,2001980032,0.36,271.94443,5988459008,0.01748,0.19572,0.04216,0.54398996,,-0.883,1212321024,,1.023,97.8999948
JBHT,Industrials,Integrated Freight & Logistics,17472436224,1577556992,5.55,31.308105,12244555776,0.046469998,0.07304,0.06194,0.14192,47.555,39.673,1380525952,,1.141,173.7599828
JBL,Technology,Electronic Components,17528688640,2143000064,10.58,15.174859,28882999296,0.048060004,0.05327,0.04918,0.60295,207.887,15.271,1716000000,,1.245,160.5500082
JKHY,Technology,Information Technology Services,12892637184,571171968,5.47,32.305305,2245157120,0.17785999,0.25171,0.11213,0.22278,10.28,26.385,527798016,,0.636,176.7100183
J,Industrials,Engineering & Construction,17152790528,1476304000,4.78,28.935144,16948610048,0.03717,0.07455,0.049829997,0.093260005,47.856,53.252,1077504000,,0.702,138.3099883
JNJ,Healthcare,Drug Manufacturers - General,3.64E+11,30051999744,5.79,26.118309,87695998976,0.16744,0.24516001,0.08403,0.20889,50.958,29.144,25145999360,,0.518,151.2250091
JCI,Industrials,Building Products & Equipment,50031935488,3232000000,2.08,36.4375,22951999488,0.07429,0.14405,0.03556,0.0805,54.68,24.197,2098000000,,1.306,75.79
JPM,Financial Services,Banks - Diversified,7.44E+11,,19.75,13.456962,1.62E+11,0.33163,0.43787998,0.013259999,0.16216,,115.15,-1.30E+11,,1.091,265.7749995
JNPR,Technology,Communication Equipment,12040051712,498500000,0.76,47.848686,5034299904,0.0497,0.08452,0.02182,0.055760004,39.109,14.031,517400000,,0.921,36.36500136
K,Consumer Defensive,Packaged Foods,28263512064,2032000000,2.99,27.423079,12798999552,0.07852,0.15002,0.06087,0.26036,173.603,10.589,1538000000,,0.395,81.99500621
KVUE,Consumer Defensive,Household & Personal Products,41249849344,3454000128,0.55,39.11818,15459000320,0.06883,0.19850999,0.065,0.098809995,82.929,5.555,1926000000,,,21.514999
KDP,Consumer Defensive,Beverages - Non-Alcoholic,42572185600,4230000128,1.66,18.906628,15148000256,0.15038,0.23181999,0.04185,0.09052,67.319,18.408,1667000064,,0.634,31.38500248
KEY,Financial Services,Banks - Regional,19274749952,,-0.32,,4851999744,0.0305,-0.86054003,0.00077,0.009670001,,14.479,-26000000,,1.231,
KEYS,Technology,Scientific & Technical Instruments,28673984512,1187000064,3.51,47.17379,5002999808,0.18249,0.17091,0.0644,0.18031,38.929,30.141,1071000000,,0.981,165.5800029
KMB,Consumer Defensive,Household & Personal Products,43479773184,3897999872,7.71,16.910507,20099999744,0.1297,0.15246001,0.114630006,2.30998,517.798,3.853,3632000000,,0.412,130.380009
KIM,Real Estate,REIT - Retail,15601605632,1195842048,0.54,42.86111,1963219968,0.1958,0.33708,0.02132,0.03829,78.638,15.611,956278016,,1.485,23.1449994
KMI,Energy,Oil & Gas Midstream,60650770432,6568999936,1.17,23.333334,15150999552,0.16765,0.27467,0.03848,0.083500005,101.433,13.686,6447000064,,0.907,27.30000078
KKR,Financial Services,Asset Management,1.53E+11,,3.22,51.447205,27816323072,0.107530005,0.2619,0.01574,0.08284,83.045,27.138,7868657152,,1.606,165.6600001
KLAC,Technology,Semiconductor Equipment & Materials,93393903616,4249192960,21.85,31.955147,10256832512,0.28921,0.39413,0.16156,0.90577006,191.76,26.601,3420072960,,1.29,698.219962
KHC,Consumer Defensive,Packaged Foods,35796512768,6446000128,1.11,26.67045,26129999872,0.05243,0.21431999,0.03844,0.027999999,41.451,39.974,4152000000,,0.475,29.6041995
KR,Consumer Defensive,Grocery Stores,43962683392,8067999744,3.78,16.072752,1.50E+11,0.018609999,0.01993,0.059609998,0.24285999,229.201,12.338,5888000000,,0.471,60.75500256
LHX,Industrials,Aerospace & Defense,40872505344,3705999872,6.34,33.989746,21141999616,0.05709,0.098450005,0.03553,0.06258,67.726,100.228,2219000064,,0.726,215.4949896
LH,Healthcare,Diagnostics & Research,20710762496,1673500032,5.27,46.986717,12712800256,0.03426,0.08291,0.03964,0.05432,95.001,97.613,1388199936,,1.036,247.6199986
LRCX,Technology,Semiconductor Equipment & Materials,95922749440,4920197120,3.09,24.126215,15591300096,0.2602,0.30331,0.14961,0.49116,58.827,6.557,5269577216,,1.486,74.55000435
LW,Consumer Defensive,Packaged Foods,8605531136,1294400000,2.54,23.75197,6456399872,0.09573,0.12823,0.08644,0.37015,221.158,12.444,793800000,,0.715,60.3300038
LVS,Consumer Cyclical,Resorts & Casinos,31342872576,3863000064,2.02,21.40099,11317000192,0.1329,0.19202,0.07383,0.45166,384.206,4.726,3295000064,,1.117,43.2299998
LDOS,Technology,Information Technology Services,19285071872,2056999936,8.79,16.442549,16277000192,0.07366,0.12291,0.08445,0.27035,110.135,34.604,1396999936,,0.688,144.5300057
LEN,Consumer Cyclical,Residential Construction,35970785280,5534482944,14.31,9.522712,36462747648,0.11512,0.13887,0.087790005,0.15878001,14.665,101.062,4018071040,,1.619,136.2700087
LII,Industrials,Building Products & Equipment,23347511296,1054700032,21.06,31.12061,5151099904,0.14632,0.20125,0.19367,1.65014,188.727,21.161,919600000,,1.078,655.4000466
LLY,Healthcare,Drug Manufacturers - General,7.28E+11,16566500352,9.29,87.09364,40863301632,0.20482999,0.39773998,0.13946,0.65318,218.081,15.825,6032200192,,0.43,809.0999156
LIN,Basic Materials,Specialty Chemicals,2.09E+11,12581000192,13.18,33.23786,33024999424,0.19328,0.2719,0.06832,0.1619,54.828,82.269,9340999680,,0.949,438.0749948
LYV,Communication Services,Entertainment,32829229056,1534734976,0.9,158.18335,23315468288,0.0201,0.08307,0.03192,0.35808998,419.155,1.256,1296225024,,1.334,142.365015
LKQ,Consumer Cyclical,Auto Parts,9994162176,1732000000,2.71,14.186347,14499000320,0.049039997,0.09235,0.05435,0.117740005,92.384,23.867,1098000000,,1.286,38.44500037
LMT,Industrials,Aerospace & Defense,1.10E+11,10225999872,27.65,16.846292,71295000576,0.09363,0.12687,0.09992,0.81037,268.347,30.508,8313999872,,0.481,465.7999738
L,Financial Services,Insurance - Property & Casualty,18580140032,3233999872,7.52,11.408245,17222000640,0.09714,0.15069,0.02079,0.10669,52.247,79.281,2560999936,,0.818,85.7900024
LOW,Consumer Cyclical,Home Improvement Retail,1.50E+11,12433000448,12.03,22.027431,84023001088,0.08248,0.14615,0.14649999,,,-26.22,9587000320,,1.098,264.9899949
LULU,Consumer Cyclical,Apparel Retail,50386706432,2699964928,13.82,29.93765,9989289984,0.16343,0.22784,0.22567,0.43159,36.186,33.529,2344614912,,1.237,413.738323
LYB,Basic Materials,Specialty Chemicals,25425225728,4421000192,6.59,11.880121,40733999104,0.052729998,0.0777,0.0506,0.1586,92.277,42.236,3408000000,,1.091,78.28999739
MTB,Financial Services,Banks - Regional,33051461632,,14.64,13.606557,8498999808,0.28109,0.42766997,0.01135,0.08676,,159.39,2734000128,,0.732,199.1999945
MPC,Energy,Oil & Gas Refining & Marketing,48137641984,10341000192,12.89,11.61986,1.43E+11,0.031719998,0.03243,0.05155,0.21053,114.328,58.255,7581000192,,1.371,149.7799954
MKTX,Financial Services,Capital Markets,8426933248,412735008,7.39,30.243572,811940992,0.34320998,0.42646,0.1183,0.21625,5.424,36.747,350673984,,1.053,223.4999971
MAR,Consumer Cyclical,Lodging,80323584000,4112999936,9.56,30.234833,6569999872,0.42131,0.58181,0.091450006,,,-8.69,3182000128,,1.585,289.0450035
MMC,Financial Services,Insurance Brokers,1.09E+11,7246000128,8.1,27.410492,23945000960,0.16822,0.20994,0.08321,0.32048,106.462,27.876,4128999936,,0.937,222.0249852
MLM,Basic Materials,Building Materials,33383866368,1945500032,32.22,16.952793,6513200128,0.3046,0.2631,0.05549,0.23437001,48.348,150.021,1328400000,,0.897,546.2189905
MAS,Industrials,Building Products & Equipment,17371029504,1494000000,3.76,21.413563,7881999872,0.10543,0.18003,0.15691,5.70874,2238.028,-0.408,1152999936,,1.25,80.51499688
MA,Financial Services,Credit Services,5.05E+11,16784000000,13.25,41.550186,27225999360,0.45262,0.59301996,0.22886999,1.7757801,244.839,8.087,14076000256,,1.101,550.5399645
MTCH,Communication Services,Internet Content & Information,8876066816,993089984,2.23,15.852017,3485424896,0.17864001,0.27456,0.123950005,,,-0.349,954128000,,1.487,35.34999791
MKC,Consumer Defensive,Packaged Foods,20695044096,1270200064,2.92,26.428253,6678499840,0.11868,0.17282,0.05164,0.15067,84.828,20.203,1040400000,,0.764,77.17049876
MCD,Consumer Cyclical,Restaurants,2.09E+11,13845499904,11.4,25.543861,25938700288,0.3179,0.46974,0.13629,,,-7.224,9304899584,,0.735,291.2000154
MCK,Healthcare,Medical Distribution,76297379840,4889999872,19.34,31.078114,3.30E+11,0.00768,0.00796,0.03917,,,-23.767,5120999936,,0.436,601.0507248
MDT,Healthcare,Medical Devices,1.18E+11,9013000192,3.27,28.073395,32576999424,0.12055001,0.17511,0.04415,0.07948,57.859,38.292,6897999872,,0.853,91.80000165
MRK,Healthcare,Drug Manufacturers - General,2.45E+11,22927998976,4.78,20.284517,63174000640,0.19229001,0.26198998,0.10531,0.28332,85.572,17.576,18264000512,,0.411,96.95999126
META,Communication Services,Internet Content & Information,1.72E+12,79208996864,21.18,32.186497,1.56E+11,0.35549998,0.42765,0.17188999,0.36134,29.811,65.186,82744000512,,1.215,681.7100065
MET,Financial Services,Insurance - Life,59631210496,7036000256,4.93,17.468561,71343996928,0.052729998,0.15087,0.00581,0.13260001,151.463,44.525,15169000448,,1.039,86.12000573
MTD,Healthcare,Diagnostics & Research,28737552384,1142445056,37.05,36.755604,3762225920,0.21148,0.29361,0.20142001,,,-7.314,983664000,,1.159,1361.795128
MGM,Consumer Cyclical,Resorts & Casinos,10002575360,2556987904,2.79,12.04122,17221656576,0.052410003,0.079679996,0.02535,0.2901,841.031,10.886,2406877952,,2.241,33.5950038
MCHP,Technology,Semiconductors,30067189760,1950800000,1.44,38.881943,5496600064,0.14220001,0.12726,0.044099998,0.118030004,102.895,11.687,1704000000,,1.526,55.98999792
MU,Technology,Semiconductors,98910445568,8944000000,3.49,25.436964,25110999040,0.03098,0.19703,0.01165,0.01743,31.194,40.695,8506999808,,1.179,88.77500436
MSFT,Technology,Software - Infrastructure,3.32E+12,1.37E+11,12.12,36.789604,2.54E+11,0.35608003,0.46583998,0.14592,0.35604,33.657,38.693,1.22E+11,,0.904,445.8900005
MAA,Real Estate,REIT - Residential,18251905024,1247618048,4.44,34.269142,2183429888,0.23878999,0.29549,0.036259998,0.08611,79.953,50.895,1124096000,,0.874,152.1549905
MRNA,Healthcare,Biotechnology,16601048064,-2361999872,-5.81,,5080999936,-0.43771,-0.03759,-0.09549,-0.17524,11.361,30.979,-3207000064,,1.69,
MHK,Consumer Cyclical,"Furnishings, Fixtures & Appliances",7884482048,1549473024,8.86,14.098195,10812014592,0.052160002,0.08525,0.04316,0.07457,32.986,124.398,1033228992,,1.389,124.9100077
MOH,Healthcare,Healthcare Plans,17769752576,1814000000,19.65,15.8096695,37544001536,0.030469999,0.0475,0.06901,0.26454002,53.019,83.684,178000000,,0.586,310.6600057
TAP,Consumer Defensive,Beverages - Brewers,11367998464,2418400000,4.44,12.424167,11682199552,0.08028,0.16124001,0.040700004,0.071669996,48.838,64.626,1890300032,,0.827,55.16330148
MDLZ,Consumer Defensive,Confectioners,76300066816,7414000128,2.82,20.234043,36151001088,0.10556,0.11147001,0.05356,0.13552,73.232,20.83,5015000064,,0.561,57.06000126
MPWR,Technology,Semiconductors,29652875264,522235008,8.89,68.379074,2039447040,0.21292,0.26451,0.11712,0.20214,0.693,48.211,774041984,,1.148,607.8899679
MNST,Consumer Defensive,Beverages - Non-Alcoholic,47293648896,2105284992,1.56,31.173079,7410776064,0.21662001,0.25514,0.14588,0.23517,13.985,5.943,1901159040,,0.742,48.63000324
MCO,Financial Services,Financial Data & Stock Exchanges,89879707648,3313999872,10.96,45.25,6896000000,0.29046,0.42029998,0.120950006,0.54016,197.861,21.547,2640999936,,1.289,495.94
MS,Financial Services,Capital Markets,2.22E+11,,7.95,17.379875,58282000384,0.19205,0.33174,0.00935,0.11079001,405.772,58.246,-28189999104,,1.336,138.1700063
MOS,Basic Materials,Agricultural Inputs,8895647744,1908199936,1.13,24.783186,11456400384,0.0324,0.041050002,0.02177,0.03346,35.767,37.149,1618000000,,1.36,28.00500018
MSI,Technology,Communication Equipment,78111514624,3152000000,9.13,51.193317,10654999552,0.1466,0.27097,0.13376,1.82528,490.007,7.945,2566000128,,0.979,467.3949842
MSCI,Financial Services,Financial Data & Stock Exchanges,49396641792,1622592000,15.22,41.411957,2802725120,0.43065,0.55868,0.18283,,,-9.583,1459947008,,1.11,630.2899855
NDAQ,Financial Services,Financial Data & Stock Exchanges,46854270976,2512000000,1.66,49.108433,7016999936,0.13667,0.2571,0.043870002,0.10888,93.096,19.264,1651000064,,0.96,81.51999878
NTAP,Technology,Computer Hardware,24298117120,1582000000,5.43,22.01013,6376999936,0.17014,0.19468,0.09156,1.2042199,285.038,5.563,1572999936,,1.225,119.5150059
NFLX,Communication Services,Entertainment,4.17E+11,9976898560,19.83,49.139183,37587279872,0.20701,0.29614002,0.1184,0.34714,81.461,53.153,7487483904,,1.25,974.4299989
NEM,Basic Materials,Gold,47063523328,6008999936,-2.19,,16986999808,-0.07141,0.28187,0.041279998,-0.05159,30.436,25.972,4467999744,,0.531,
NWSA,Communication Services,Entertainment,16639598592,1270000000,0.62,45.508064,10163000320,0.034930002,0.088470004,0.03061,0.04916,44.272,14.498,1216999936,,1.351,28.21499968
NWS,Communication Services,Entertainment,16724809728,1270000000,0.62,51.112904,10163000320,0.034930002,0.088470004,0.03061,0.04916,44.272,14.498,1216999936,,1.351,31.69000048
NEE,Utilities,Utilities - Regulated Electric,1.44E+11,14577999872,3.37,20.792286,26246000640,0.26492,0.35562,0.030469999,0.09887999,139.015,24.339,14156999680,,0.561,70.07000382
NKE,Consumer Cyclical,Footwear & Accessories,1.10E+11,7200999936,3.24,23.001543,50012000256,0.10599,0.104320005,0.106479995,0.3798,86.962,9.601,7888999936,,1.035,74.52499932
NI,Utilities,Utilities - Regulated Gas,16885730304,2324999936,1.64,22.057926,5289299968,0.14631,0.19688,0.029679999,0.08756,131.811,17.881,1640899968,,0.507,36.17499864
NDSN,Industrials,Specialty Industrial Machinery,12577584128,818784000,8.11,27.166464,2664752128,0.17746,0.25397,0.09146,0.17406,56.526,49.907,623022016,,0.907,220.320023
NSC,Industrials,Railroads,57469485056,5888000000,10.65,23.851645,12172000256,0.19849001,0.49885,0.06767,0.18303,128.64,60.931,3774000128,,1.302,254.0200193
NTRS,Financial Services,Asset Management,22050543616,,9.77,11.516888,7857600000,0.21493,0.30661,0.01118,0.13732,,59.854,4952000000,,1.073,112.5199958
NOC,Industrials,Aerospace & Defense,71731478528,4457999872,16.2,30.391356,40985001984,0.05795,0.12885,0.04161,0.15484,122.722,101.143,4240000000,,0.346,492.3399672
NCLH,Consumer Cyclical,Travel Services,12373383168,2335180032,1.14,24.68421,9356740608,0.0587,0.24628,0.04403,0.69788,1240.664,2.582,1909566976,,2.682,28.1399994
NRG,Utilities,Utilities - Independent Power Producers,20066187264,2192999936,4.04,24.519802,28117999616,0.03428,-0.14025,0.01903,0.31931,433.016,9.125,1595000064,,1.088,99.06000008
NUE,Basic Materials,Steel,29385670656,4940151808,8.46,14.792553,31362945024,0.080520004,0.06895,0.066139996,0.13221,32.901,87.188,4765954048,,1.567,125.1449984
NVDA,Technology,Semiconductors,3.10E+12,61184000000,2.53,50.09561,96307003392,0.55041003,0.62057,0.55258,1.23767,17.221,1.744,48663998464,,1.657,126.7418933
NVR,Consumer Cyclical,Residential Construction,25211136000,2071504000,488.71,16.837183,10281399296,0.15898,0.19681999,0.19962,0.38716,24.537,1393.651,1233117952,,1.201,8228.499704
NXPI,Technology,Semiconductors,54178435072,4640000000,10.47,20.360075,12924999680,0.20983,0.30462,0.0979,0.29555,104.495,37.031,3528000000,,1.494,213.1699853
ORLY,Consumer Cyclical,Specialty Retail,74221477888,3685244928,40.4,31.823019,16444893184,0.14522,0.20546,0.14369,,,-24.881,2941518080,,0.92,1285.649968
OXY,Energy,Oil & Gas E&P,45777063936,12931000320,3.65,13.365753,27136999424,0.16254999,0.25206,0.045939997,0.13118,79.146,28.126,11322000384,,1.608,48.78499845
ODFL,Industrials,Trucking,40899813376,1971409024,5.72,33.49126,5924531200,0.21027,0.27334,0.1901,0.30241,1.437,19.532,1694916992,,0.989,191.5700072
OMC,Communication Services,Advertising Agencies,17174182912,2420600064,7.32,11.942622,15427800064,0.094519995,0.15456,0.05077,0.33923998,155.236,20.253,1609500032,,0.968,87.41999304
ON,Technology,Semiconductors,22865299456,2716600064,4.03,13.325062,7377900032,0.23795,0.26931,0.09557,0.2183,42.376,20.167,1937900032,,1.654,53.69999986
OKE,Energy,Oil & Gas Midstream,58315706368,5612000256,4.72,21.193857,19932999680,0.14047,0.22656,0.06003,0.16875,166.619,28.908,4784999936,,1.625,100.035005
ORCL,Technology,Software - Infrastructure,4.57E+11,21802999808,4.08,40.078434,53815001088,0.20396,0.30517998,0.072909996,1.55578,749.978,3.159,19125999616,,1.013,163.5200107
OTIS,Industrials,Specialty Industrial Machinery,38252384256,2507000064,4.02,23.820896,14206000128,0.11481,0.16798,0.14079,,,-12.271,1470000000,,0.942,95.76000192
PCAR,Industrials,Farm & Heavy Construction Machinery,55927185408,5908100096,8.94,11.931767,34832900096,0.13514,0.13919,0.084580004,0.27142,83.654,35.6,4381899776,,0.89,106.669997
PKG,Consumer Cyclical,Packaging & Containers,21368176640,1624999936,8.58,27.731936,8175099904,0.09458,0.15579,0.08214,0.18972,64.596,47.813,1201100032,,0.777,237.9400109
PLTR,Technology,Software - Infrastructure,1.81E+11,397707008,0.2,397.75,2646338048,0.18009001,0.15594,0.045819998,0.12409,5.552,1.982,994710016,,2.697,79.55
PANW,Technology,Software - Infrastructure,1.28E+11,1094400000,3.86,50.37306,8027500032,0.3211,0.119799994,0.032190003,0.74517995,27.28,15.902,3257600000,,1.118,194.4400116
PARA,Communication Services,Entertainment,7843369472,3124999936,-9.06,,28867000320,-0.18887,0.10816,0.0337,-0.30080998,91.924,24.93,1028000000,,1.767,
PH,Industrials,Specialty Industrial Machinery,85084561408,4962157056,22.2,29.775,19986102272,0.14468999,0.201,0.08545,0.24641001,78.976,100.154,3478344960,,1.432,661.005
PAYX,Technology,Software - Application,53519765504,2358799872,4.75,31.292631,5310799872,0.31983998,0.41464,0.120349996,0.45672,22.517,10.555,1750800000,,0.987,148.6399973
PAYC,Technology,Software - Application,12454127616,667798016,8.3,26.02229,1823922048,0.25779,0.23206,0.10079,0.32584998,5.516,26.917,507980992,,1.139,215.985007
PYPL,Financial Services,Credit Services,88990466048,6120999936,4.18,21.235647,31456999424,0.14076,0.18185,0.04343,0.22188,65.718,20.054,7670000128,,1.436,88.76500446
PNR,Industrials,Specialty Industrial Machinery,16847778816,978700032,4,25.49125,4094500096,0.16290002,0.21039,0.08383001,0.20408002,49.774,21.175,798700032,,1.189,101.965
PEP,Consumer Defensive,Beverages - Non-Alcoholic,2.08E+11,16913000448,6.79,22.314432,91919998976,0.1018,0.18011,0.08717,0.48819,229.605,14.168,12032000000,,0.542,151.5149933
PFE,Healthcare,Drug Manufacturers - General,1.52E+11,18365999104,0.75,35.66,59375001600,0.071609996,0.32987,0.033069998,0.04538,73.408,16.288,11262999552,,0.615,26.745
PCG,Utilities,Utilities - Regulated Electric,34931646464,9317999616,1.28,12.441406,24828999680,0.110640004,0.21714,0.026099999,0.10674,221.631,12.554,6579999744,,1.035,15.92499968
PM,Consumer Defensive,Tobacco,2.01E+11,15301000192,6.3,20.487303,37219000320,0.26417,0.43425998,0.13116,,,-6.235,11516999680,,0.56,129.0700089
PSX,Energy,Oil & Gas Refining & Marketing,49847771136,5571999744,7.83,15.41507,1.48E+11,0.0228,0.00183,0.0287,0.11121,67.143,69.547,5183000064,,1.319,120.6999981
PNW,Utilities,Utilities - Regulated Electric,9856653312,1978172032,5.32,16.295113,5021081088,0.122609995,0.31613,0.025829999,0.09578,168.24,58.227,1544129024,,0.518,86.69000116
PNC,Financial Services,Banks - Regional,79187394560,,13.74,14.556041,20483999744,0.25107,0.35884,0.00928,0.099020004,,124.564,10944000000,,1.121,200.0000033
POOL,Industrials,Industrial Distribution,13387049984,679414976,11.66,30.169556,5326523904,0.084189996,0.12307999,0.11703,0.31463,86.515,37.615,626830016,,1.008,351.777023
PPG,Basic Materials,Specialty Chemicals,28598638592,2870000128,6.31,19.535658,18030000128,0.08242,0.13311,0.06677,0.19149,91.282,33.569,1972000000,,1.254,123.270002
PPL,Utilities,Utilities - Regulated Electric,24175894528,3276000000,1.11,29.513512,8281999872,0.09949,0.22167999,0.0304,0.05864,117.528,19.101,1939000064,,0.834,32.75999832
PFG,Financial Services,Asset Management,18988580864,-15100000,-0.74,,14066499584,-0.01465,-0.079629995,-0.00055,-0.01274,36.258,49.009,4087899904,,1.203,
PG,Consumer Defensive,Household & Personal Products,3.92E+11,24039999488,6.28,26.632164,83905003520,0.17063,0.27763999,0.10601,0.28766,69.338,20.996,19243999232,,0.414,167.2499899
PGR,Financial Services,Insurance - Property & Casualty,1.43E+11,10823199744,13.75,17.799273,71959396352,0.112720005,0.15293999,0.06895,0.36411,25.375,46.363,14549000192,,0.366,244.7400038
PLD,Real Estate,REIT - Industrial,1.12E+11,5739131904,3.31,36.50453,8239209984,0.37427,0.40980998,0.021140002,0.05662,57.079,57.235,4651180032,,1.094,120.8299943
PRU,Financial Services,Insurance - Life,43099684864,5557333504,11.23,10.782725,72965996544,0.056199998,0.028369999,0.00453,0.13773,141.51,85.455,7282999808,,1.282,121.0900018
PEG,Utilities,Utilities - Regulated Electric,40256581632,4044999936,4.07,19.85258,10430000128,0.19482,0.24943,0.03243,0.13,137.098,32.319,2476000000,,0.626,80.8000006
PTC,Technology,Software - Application,23105943552,698484992,3.13,61.33546,2298471936,0.16373,0.30982,0.058229998,0.12775,60.052,26.761,749984000,,1.174,191.9799898
PSA,Real Estate,REIT - Industrial,51774656512,3353046016,9.63,30.690145,4698625024,0.40367,0.47022998,0.06983,0.19163999,97.567,30.039,3151319040,,0.69,295.5460964
PHM,Consumer Cyclical,Residential Construction,23738241024,3788722944,13.55,8.542436,17318807552,0.16635,0.19971001,0.14166,0.26705,19.411,56.308,1401602048,,1.641,115.7500078
PWR,Industrials,Engineering & Construction,43215630336,1868978048,5.41,54.115532,22903320576,0.03539,0.06442,0.04328,0.12696,70.631,47.903,2372719104,,1.009,292.7650281
QCOM,Technology,Semiconductors,1.89E+11,11959000064,8.94,19.11074,38961999872,0.2603,0.2625,0.12069,0.42253,58.765,23.606,12202000384,,1.286,170.8500156
DGX,Healthcare,Diagnostics & Research,17567084544,1804999936,7.44,21.15457,9539000320,0.08816,0.14187999,0.056550004,0.13224,100.708,60.795,1396999936,,0.891,157.3900008
RL,Consumer Cyclical,Apparel Manufacturing,15801533440,1059800000,10.48,24.280537,6740100096,0.10145,0.11431,0.0774,0.28424,109.237,39.329,1100600064,,1.504,254.4600278
RJF,Financial Services,Asset Management,35004416000,,9.7,17.620619,12775999488,0.16187,0.225,,0.19348,45.916,54.083,,,1.002,170.9200043
RTX,Industrials,Aerospace & Defense,1.71E+11,12570999808,3.46,37.14451,79042002944,0.05969,0.11991999,0.03165,0.073460005,69.597,45.915,10309000192,,0.54,128.5200046
O,Real Estate,REIT - Retail,48228503552,4485658112,1.05,52.480953,5014703104,0.1754,0.44883,0.02242,0.02513,68.941,43.942,3361970944,,0.996,55.10500065
REG,Real Estate,REIT - Retail,13297989632,917937984,2.12,34.351414,1489812992,0.27096,0.36887002,0.02743,0.0583,66.82,36.14,770718976,,1.218,72.82499768
REGN,Healthcare,Biotechnology,75551023104,4598000128,40.4,17.017698,13847100416,0.33613998,0.33426997,0.07414,0.17166,9.221,272.04,4247399936,,0.142,687.5149992
RF,Financial Services,Banks - Regional,22380775424,,1.93,12.759068,6556000256,0.26693,0.46976003,0.01125,0.10042,,18.627,2672999936,,1.182,24.62500124
RSG,Industrials,Waste Management,67349602304,4804800000,6.25,34.4112,15817600000,0.12458,0.20966,0.063260004,0.18284,114.524,35.84,3812499968,,0.707,215.07
RMD,Healthcare,Medical Instruments & Supplies,36744507392,1632185984,7.54,33.197613,4807484928,0.23149,0.3163,0.13271,0.23565,16.366,35.394,1440514944,,0.687,250.310002
RVTY,Healthcare,Diagnostics & Research,15350882304,788105984,2.08,60.64183,2721554944,0.093439996,0.14819999,0.01717,0.03308,41.849,64.884,650681984,,1.056,126.1350064
ROK,Industrials,Specialty Industrial Machinery,31755491328,1613699968,8.27,33.970978,8264200192,0.11526,0.15529001,0.07254,0.25539,111.327,30.931,863800000,,1.359,280.9399881
ROL,Consumer Cyclical,Personal Services,24048162816,757598016,0.97,51.19072,3310625024,0.14182,0.20932,0.14863,0.38792,63.703,2.721,572320000,,0.701,49.6549984
ROP,Technology,Software - Application,59129286656,2732699904,13.59,40.576157,6775600128,0.21784,0.28142,0.040489998,0.08238,45.241,172.672,2292800000,,1.029,551.4299736
ROST,Consumer Cyclical,Apparel Retail,48325394432,2983800064,6.35,23.066473,21092935680,0.09824,0.124680005,0.11096,0.43236,114.299,14.534,2359250944,,1.1,146.4721035
RCL,Consumer Cyclical,Travel Services,71790968832,5641999872,9.97,26.780842,16055000064,0.16207,0.33483002,0.0731,0.44263,298.394,26.202,4913999872,,2.6,267.0049947
SPGI,Financial Services,Financial Data & Stock Exchanges,1.62E+11,6645000192,11.35,46.074448,13767999488,0.25792,0.40392,0.05667,0.099309996,31.362,109.546,5282999808,,1.183,522.9449848
CRM,Technology,Software - Application,3.48E+11,9345000448,6.07,59.912685,36465000448,0.15445,0.20181999,0.04705,0.09734,21.148,61.427,12074000384,,1.288,363.669998
SBAC,Real Estate,REIT - Specialty,21863856128,1785819008,6.34,32.072742,2660957952,0.25759,0.57702,0.08582,,,-48.135,1457308032,,0.672,203.3411843
SLB,Energy,Oil & Gas Equipment & Services,57743040512,8130999808,3.11,13.25402,35995000832,0.12441,0.17959999,0.08113,0.21722999,57.141,15.233,7233999872,,1.532,41.2200022
STX,Technology,Computer Hardware,21099780096,1211000064,5.51,18.08802,7264999936,0.11342,0.18635,0.07903,,,-7.094,886000000,,1.07,99.6649902
SRE,Utilities,Utilities - Diversified,51482669056,4930999808,4.54,17.903084,12917999616,0.22697,0.1531,0.017719999,0.09734,96.747,45.504,4631000064,,0.759,81.28000136
NOW,Technology,Software - Application,2.43E+11,1824000000,6.39,184.13303,10464000000,0.12768,0.14945,0.04698,0.16221,24.166,45.028,4236999936,,0.986,1176.610062
SHW,Basic Materials,Specialty Chemicals,91087675392,4399799808,10.05,35.987064,23053500416,0.11094,0.18434,0.10068,0.64452004,291.114,16.585,3137299968,,1.175,361.6699932
SPG,Real Estate,REIT - Retail,66102022144,4353110016,7.53,23.379814,5909003776,0.41482,0.51851004,0.057540003,0.81232,780.789,8.19,3765860096,,1.768,176.0499994
SWKS,Technology,Semiconductors,14410430464,1136199936,3.69,24.295393,4371800064,0.17848,0.18763,0.06361,0.12777,15.691,39.654,1714099968,,1.205,89.65000017
SJM,Consumer Defensive,Packaged Foods,11314149376,1977900032,4.95,21.478788,8498599936,0.08771,0.16912001,0.05377,0.10090999,111.438,72.451,1184400000,,0.246,106.3200006
SW,Consumer Cyclical,Packaging & Containers,28055863296,2172999936,0.72,74.913055,16432000000,0.01345,0.04302,,,82.987,34.68,1312999936,,1.034,53.9373996
SNA,Industrials,Tools & Accessories,18454364160,1480000000,19.47,18.057524,5103000064,0.20402001,0.26527,0.114029996,0.20599002,23.352,104.274,1220899968,,0.954,351.5799923
SOLV,Healthcare,Health Information Services,12982687744,1840000000,0.38,197.76317,8215000064,0.08764,0.13064,0.0575,0.09747,254.041,18.477,1512999936,,,75.1500046
SO,Utilities,Utilities - Regulated Electric,92300083200,13061000192,4.29,19.636364,26428000256,0.17867,0.35139,0.0348,0.12713,176.35,30.39,9427999744,,0.509,84.24000156
LUV,Industrials,Airlines,19080153088,1682000000,-0.08,,27376001024,-0.00175,0.00277,0.00458,-0.00447,87.36,17.359,411000000,,1.153,
SWK,Industrials,Tools & Accessories,13640275968,1663699968,-1.24,,15381699584,-0.01333,0.074990004,0.02991,-0.02031,79.081,57.472,1197100032,,1.255,
SBUX,Consumer Cyclical,Restaurants,1.14E+11,6700000256,3.31,30.202417,36176199680,0.10396,0.13262999,0.10503,,,-6.572,6095600128,,0.962,99.97000027
STT,Financial Services,Asset Management,28996440064,,8.21,12.230816,12547999744,0.16847,0.30343,0.00679,0.0855,,78.221,-1598000000,,1.48,100.4149994
STLD,Basic Materials,Steel,19106746368,2689149952,9.83,12.767039,17901674496,0.09799,0.091079995,0.09089,0.19703,40.575,59.34,2362270976,,1.325,125.4999934
STE,Healthcare,Medical Devices,21940164608,1325649024,5.94,37.420033,5325524992,0.08164,0.16981001,0.05447,0.092700005,36.303,66.798,1100518016,,0.851,222.274996
SYK,Healthcare,Medical Devices,1.52E+11,5693000192,9.32,42.736053,21973999616,0.16337,0.21587,0.071100004,0.18868,79.443,52.855,3839000064,,0.92,398.300014
SMCI,Technology,Computer Hardware,16551171072,1304590720,2.01,14.062339,14942854144,0.08085,0.06469,0.11618,0.32469,39.749,9.32,-2479437056,,1.279,28.26530139
SYF,Financial Services,Credit Services,26063077376,,7.7,8.693637,9006999552,0.35139,0.46368998,0.02726,0.21279,,37.916,9811999744,,1.593,66.9410049
SNPS,Technology,Software - Infrastructure,79765340160,1652390016,9.24,55.846325,6483438080,0.23111999,0.23608999,0.0862,0.21819,8.7,50.187,1170272000,,1.076,516.020043
SYY,Consumer Defensive,Food Distribution,35456692224,4410999808,3.89,18.55527,79707996160,0.024360001,0.04262,0.08924,0.88346,599.732,4.494,2955000064,,1.2,72.1800003
TMUS,Communication Services,Telecom Services,2.58E+11,30663999488,8.77,25.356327,80005996544,0.12964,0.23792,0.052389998,0.16087,182.272,55.168,21603000320,,0.496,222.3749878
TROW,Financial Services,Asset Management,25526071296,2648399872,9.13,12.584885,6911099904,0.30354,0.33613,0.101339996,0.20495,3.247,46.138,1810099968,,1.423,114.9000001
TTWO,Communication Services,Electronic Gaming & Multimedia,32975726592,165600000,-21.19,,5456999936,-0.66375,-0.19829,-0.022750001,-0.50913,70.922,33.04,-405300000,,0.85,
TPR,Consumer Cyclical,Luxury Goods,17184073728,1439500032,3.45,21.373913,6665500160,0.12116,0.18932,0.076,0.29924,295.298,12.798,1299800064,,1.556,73.73999985
TRGP,Energy,Oil & Gas Midstream,43869913088,4021700096,5.54,36.31408,16215700480,0.07774,0.18905,0.07811,0.33885,321.534,11.789,3279500032,,2.237,201.1800032
TGT,Consumer Defensive,Discount Stores,64889696256,9230999552,9.43,15.017497,1.07E+11,0.04182,0.06644,0.07233,0.33968,132.802,29.094,8561999872,,1.242,141.6149967
TEL,Technology,Electronic Components,44185939968,3761999872,6.33,23.387045,15845000192,0.20151,0.18091999,0.08234999,0.26461,37.194,41.195,3476999936,,1.328,148.0399949
TDY,Technology,Scientific & Technical Instruments,23719639040,1346000000,17.19,29.609076,5592699904,0.16876,0.18947001,0.04504,0.103140004,29.147,205.777,1023900032,,1.007,508.9800164
TFX,Healthcare,Medical Instruments & Supplies,8371476992,644953984,5.03,35.834988,3025824000,0.07847,0.19570999,0.03154,0.05412,42.669,96.497,572124992,,1.177,180.2499896
TER,Technology,Semiconductor Equipment & Materials,19625564160,640716992,3.14,38.377388,2737594880,0.18745,0.21449,0.091759995,0.19206,2.738,17.811,638398976,,1.515,120.5049983
TSLA,Consumer Cyclical,Auto Manufacturers,1.27E+12,13244000256,3.65,108.030136,97150001152,0.13075,0.107889995,0.04759,0.20389,18.078,21.806,14478999552,,2.295,394.3099964
TXN,Technology,Semiconductors,1.65E+11,6896999936,5.2,34.87154,15710999552,0.31601998,0.3734,0.10236,0.29293,84.399,18.934,6243999744,,0.98,181.332008
TPL,Energy,Oil & Gas E&P,28757911552,548542016,19.46,64.3222,686696000,0.65343004,0.73363,0.29434,0.445,0.091,45.79,475526016,,1.589,1251.710012
TXT,Industrials,Aerospace & Defense,14382745600,1644999936,4.33,17.905312,13980999680,0.06301,0.07937,0.04792,0.12597999,56.941,37.471,1116999936,,1.244,77.53000096
TMO,Healthcare,Diagnostics & Research,2.23E+11,10581999616,15.93,36.554928,42369998848,0.14479999,0.18059999,0.04674,0.12944001,72.329,128.084,9100000256,,0.792,582.320003
TJX,Consumer Cyclical,Apparel Retail,1.40E+11,7125000192,4.23,29.375887,55623000064,0.08563,0.105579995,0.12818,0.66199,162.567,6.442,6336999936,,0.893,124.260002
TSCO,Consumer Cyclical,Specialty Retail,30908522496,1913799040,2.06,28.08738,14769541120,0.07534,0.09359,0.097729996,0.5058,233.038,21.406,1299716992,,0.814,57.8600028
TT,Industrials,Building Products & Equipment,81688207360,3691200000,10.92,33.243587,19388299264,0.12729,0.18761998,0.10542,0.35146,69.203,33.71,3180499968,,1.221,363.01997
TDG,Industrials,Aerospace & Defense,74627350528,3888000000,25.67,51.8769,7939999744,0.21587,0.43275002,0.098120004,,,-111.889,2044999936,,1.423,1331.680023
TRV,Financial Services,Insurance - Property & Casualty,56466456576,6719000064,21.46,11.611836,45341999104,0.10019,0.13928,0.029289998,0.19059,29.004,122.009,9114000384,,0.63,249.1900006
TRMB,Technology,Scientific & Technical Instruments,18444232704,737699968,5.98,12.548495,3632300032,0.40668,0.13668,0.03211,0.28913,32.544,23.921,515200000,,1.489,75.0400001
TFC,Financial Services,Banks - Regional,61849178112,,-0.3,,14497000448,-0.10678001,0.40328,-0.01138,-0.09505,,44.461,3764999936,,1.035,
TYL,Technology,Software - Application,26723661824,368943008,5.47,114.15083,2077606016,0.113929994,0.15244001,0.03581,0.077259995,19.597,76.546,547278016,,0.771,624.4050401
TSN,Consumer Defensive,Farm Products,20205692928,3144000000,2.25,25.213333,53309001728,0.01501,0.03944,0.030250002,0.044710003,52.863,51.682,2590000128,,0.775,56.72999925
USB,Financial Services,Banks - Regional,76502401024,,3.79,12.939314,24896999424,0.22023001,0.35277,0.00815,0.09779,,33.351,6922999808,,1.04,49.04000006
UBER,Technology,Software - Application,1.45E+11,3444999936,2.03,33.80542,41955000320,0.10492,0.09483,0.04034,0.34326,80.343,7.024,6209999872,,1.337,68.6250026
UDR,Real Estate,REIT - Residential,15631212544,989297984,0.38,109.5,1677719040,0.07606,0.16603,0.01635,0.02841,131.116,10.519,855382976,,0.847,41.61
ULTA,Consumer Cyclical,Specialty Retail,19386023936,1827608064,24.98,16.735388,11321165824,0.10684,0.12899,0.17914,0.54978,82.149,47.168,1406337024,,1.326,418.0499922
UNP,Industrials,Railroads,1.52E+11,12030000128,11.09,22.61091,24288000000,0.27326,0.39862,0.089940004,0.43396,197.154,27.325,9079000064,,1.056,250.7549919
UAL,Industrials,Airlines,34617487360,7482999808,9.45,11.138625,55993999360,0.04936,0.10699,0.041139998,0.27245,291.676,34.779,6311000064,,1.393,105.2600062
UPS,Industrials,Integrated Freight & Logistics,1.16E+11,12007999488,6.62,20.560423,90685997056,0.062480003,0.0922,0.07625,0.31422,155.425,19.762,9217999872,,0.982,136.1100003
URI,Industrials,Rental & Leasing Services,50167668736,4542000128,38.26,19.981443,14977999872,0.17125,0.28482,0.0949,0.31401,167.987,130.604,4912000000,,1.682,764.4900092
UNH,Healthcare,Healthcare Plans,5.00E+11,35035000832,15.49,35.103294,3.94E+11,0.03635,0.08637,0.06924,0.15252,74.683,102.421,16641999872,,0.591,543.7500241
UHS,Healthcare,Medical Care Facilities,12593492992,2124051968,15.01,12.718854,15417758720,0.06655,0.09694,0.06822,0.16341,76.373,100.138,1861095040,,1.297,190.9099985
VLO,Energy,Oil & Gas Refining & Marketing,43793203200,7816000000,11.38,12.155536,1.29E+11,0.028670002,0.01682,0.051090002,0.13797,38.593,79.767,6851999744,,1.374,138.3299997
VTR,Real Estate,REIT - Healthcare Facilities,25579683840,1857009024,-0.14,,4797114880,-0.01386,0.15880999,0.017549999,-0.00543,136.679,23.277,1235068032,,1.39,
VLTO,Industrials,Pollution & Treatment Controls,25576593408,1264999936,3.24,31.919752,5136000000,0.15693,0.23211999,0.12967,0.5368,143.52,7.905,853000000,,,103.4199965
VRSN,Technology,Software - Infrastructure,20534646784,1089200000,8.57,24.933489,1542400000,0.55686,0.68945,0.4159,,,-19.716,875299968,,0.911,213.6800007
VRSK,Industrials,Consulting Services,40140644352,1363000064,6.48,43.867287,2823300096,0.32650003,0.42975,0.16983,2.65609,1069.413,2.119,1140999936,,0.862,284.2600198
VZ,Communication Services,Telecom Services,1.71E+11,48428998656,4.14,9.798309,1.34E+11,0.07298,0.23933001,0.04982,0.10431,182.615,22.882,35157000192,,0.418,40.56499926
VRTX,Healthcare,Biotechnology,1.14E+11,4446600192,-1.91,,10625800192,-0.045149997,0.40824002,0.12051,-0.029849999,11.35,60.646,-842600000,,0.394,
VTRS,Healthcare,Drug Manufacturers - Specialty & Generic,13380144128,4586699776,-0.73,,15048500224,-0.0587,0.13884,0.024820002,-0.043449998,80.912,16.582,2288300032,,0.929,
VICI,Real Estate,REIT - Diversified,31830663168,3661391104,2.7,11.183333,3805018112,0.73902,0.98638,0.05209,0.111899994,66.55,24.935,2313893120,,0.961,30.1949991
V,Financial Services,Credit Services,6.54E+11,24973000704,9.74,34.65195,35925999616,0.54955,0.66122,0.16174,0.50708,53.239,20.077,19950000128,,0.952,337.509993
VST,Utilities,Utilities - Independent Power Producers,48443076608,6019999744,5.3,26.865093,16264999936,0.12505001,0.41158,0.06409,0.30168,183.15,8.702,4091000064,,1.111,142.3849929
VMC,Basic Materials,Building Materials,36344610816,1985699968,6.41,42.9346,7398300160,0.114300005,0.21044001,0.05888,0.11133,49.475,59.569,1451100032,,0.805,275.210786
WRB,Financial Services,Insurance - Property & Casualty,22654552064,,4.36,13.635321,13192565760,0.11956,0.15609999,0.03595,0.20537001,36.284,22.105,3566411008,,0.621,59.44999956
GWW,Industrials,Industrial Distribution,54977658880,2836999936,36.92,30.576925,16931999744,0.10802,0.15634,0.18872,0.52611,83.325,71.919,2287000064,,1.151,1128.900071
WAB,Industrials,Railroads,35220258816,2110000000,6.01,34.093174,10330000384,0.10252,0.16523,0.05445,0.103690006,39.063,59.112,1796999936,,1.272,204.8999757
WBA,Healthcare,Pharmaceutical Retailers,9270806528,2884000000,-10.24,,1.48E+11,-0.05849,0.02349,0.0059,-0.75969005,277.898,12.089,1018000000,,0.669,
WMT,Consumer Defensive,Discount Stores,7.86E+11,40779001856,2.42,40.415287,6.65E+11,0.02339,0.04689,0.069510005,0.18531999,69.566,10.412,33881999360,,0.516,97.80499454
DIS,Communication Services,Entertainment,2.04E+11,16750999552,2.72,41.514706,90027999232,0.053049996,0.14913,0.03622,0.0546,45.188,55.409,13255000064,,1.398,112.9200003
WBD,Communication Services,Entertainment,25169524736,7144999936,-4.58,,39578001408,-0.28342,0.05217,-0.00148,-0.27295,111.154,14.315,6238000128,,1.483,
WM,Industrials,Waste Management,85446811648,6381000192,6.56,32.452744,21386999808,0.12349,0.20093,0.0795,0.35025,208.894,19.88,5261000192,,0.747,212.8900006
WAT,Healthcare,Diagnostics & Research,24709998592,1008035008,10.49,39.67207,2905146880,0.21431999,0.28697002,0.11332,0.4964,120.473,27.003,752105984,,0.973,416.1600143
WEC,Utilities,Utilities - Regulated Electric,31295318016,3489200128,4.09,24.187042,8533199872,0.15143,0.2132,0.030380001,0.105220005,155.836,38.191,3110000128,,0.438,98.92500178
WFC,Financial Services,Banks - Diversified,2.55E+11,,5.37,14.4450655,77875003392,0.23228,0.31972,0.009509999,0.099139996,,49.218,12332999680,,1.136,77.57000174
WELL,Real Estate,REIT - Healthcare Facilities,86055755776,2930661888,1.56,88.589745,7555548160,0.121190004,0.17371,0.01853,0.03417,52.153,49.053,2067710976,,1.194,138.2000022
WST,Healthcare,Medical Instruments & Supplies,25020491776,744700032,6.73,51.334324,2876400128,0.17368999,0.22319001,0.09995,0.17778,11.188,37.96,702400000,,1.003,345.4800005
WDC,Technology,Computer Hardware,21566992384,2134000000,0.91,68.55494,14348000256,0.02648,0.15403,0.04044,0.033239998,,33.65,366000000,,1.394,62.3849954
WY,Real Estate,REIT - Specialty,22149853184,1234000000,0.73,41.760273,7190000128,0.07427,0.053540003,0.02674,0.052989997,51.335,13.659,1078000000,,1.428,30.48499929
WMB,Energy,Oil & Gas Midstream,66807844864,5864000000,2.36,23.222458,10366000128,0.27754,0.32817,0.04398,0.20583001,182.368,10.167,5568999936,,1.062,54.80500088
WTW,Financial Services,Insurance Brokers,33116868608,2580999936,-7.21,,9809000448,-0.07361,0.16600999,0.04843,-0.08361,79.115,74.273,1435000064,,0.742,
WDAY,Technology,Software - Application,71995564032,636000000,6.1,44.370495,7863000064,0.19598,0.053239997,0.01426,0.21080999,40.312,30.63,2388999936,,1.352,270.6600195
WYNN,Consumer Cyclical,Resorts & Casinos,9266189312,1829332992,8.33,10.129652,7129624064,0.1337,0.09162,0.05278,,,-2.583,1388504064,,1.802,84.38000116
XEL,Utilities,Utilities - Regulated Electric,38233030656,5510000128,3.37,19.756678,13763000320,0.13667,0.25165,0.02564,0.10262,154.33,33.708,4951000064,,0.398,66.58000486
XYL,Industrials,Specialty Industrial Machinery,29372049408,1688999936,3.48,34.74138,8424000000,0.098529994,0.13498001,0.04429,0.08081,19.84,43.593,1143000064,,1.05,120.9000024
YUM,Consumer Cyclical,Restaurants,36386799616,2608000000,5.35,24.371027,7223000064,0.21127,0.34447,0.24328,,,-27.407,1624000000,,1.095,130.3849945
ZBRA,Technology,Communication Equipment,20639221760,803000000,7.35,54.44082,4656000000,0.082040004,0.15618,0.05234,0.11873999,69.307,66.373,848000000,,1.645,400.140027
ZBH,Healthcare,Medical Devices,22431180800,2557400064,5.23,21.544474,7595500032,0.14265001,0.17997,0.0461,0.08713,53.611,61.997,1581500032,,1.021,112.677599
ZTS,Healthcare,Drug Manufacturers - Specialty & Generic,77546242048,3764000000,5.31,32.369118,9152000000,0.26552,0.38526002,0.14664,0.47303,129.442,11.591,2944999936,,0.896,171.8800166