ID,JobSatis1,JobSatis2R,JobSatis3,JobSatis4,JobSatis5R,JobSatis6,JobSatis7R,JobSatis8R,JobSatis9,JobSatis10,JobSatis11,JobSatis12R,JobSatis13,TurnIntent1,TurnIntent2,TurnIntent3,TurnIntent4,Tenure,TransformL1,TransformL2,TransformL3,TransformL4,TransformL5,TransformL6,TransformL7,"TransactL1

 

 

Rewards employees performance when they live up to the leader’s requirements",TransactL2,TransactL3,TransactL4,TransactL5,TransactL6,TransactL7R,TransactL8,TransactL9,TransactL10,TransactL11,TransactL12,"Gender

 

 
Which gender do you most identify with?",Age,Race,CompJobSatis,CompTurnIntent,CompTransformL,CompTransactL
1,4,2,5,4,2,5,4,4,4,3,3,5,4,1,1,1,1,4,4,5,5,5,4,4,5,4,4,4,3,3,4,4,5,1,1,4,1,0,4,3,3.769,1.000,4.571,3.167
2,5,4,5,5,4,4,5,5,4,5,5,5,5,1,1,1,1,4,5,5,5,5,5,5,5,5,5,5,5,5,5,5,5,3,4,4,3,1,3,4,4.692,1.000,5.000,4.500
3,4,4,5,3,4,2,5,4,2,3,4,4,2,1,1,1,1,3,3,5,3,5,4,5,4,4,4,3,4,3,3,4,4,3,3,4,3,0,4,3,3.538,1.000,4.143,3.500
5,3,4,2,4,4,4,4,2,5,5,4,3,1,1,3,4,4,5,3,3,4,2,4,3,2,4,4,2,3,4,4,4,4,5,5,5,5,1,4,3,3.462,3.000,3.000,4.083
6,4,2,4,4,4,4,4,4,4,4,4,4,4,1,1,1,1,4,4,5,4,4,3,4,5,5,4,4,4,4,5,4,4,3,4,5,2,1,3,4,3.846,1.000,4.143,4.000
7,3,4,5,4,4,4,5,2,3,4,4,3,3,2,2,2,2,3,4,4,4,5,4,5,5,4,3,5,4,4,4,4,4,3,3,3,3,1,3,3,3.692,2.000,4.429,3.667
8,4,4,4,5,5,5,5,5,4,4,4,3,4,1,1,1,1,4,4,5,4,5,5,4,5,5,5,3,4,5,5,5,5,1,2,5,1,0,4,3,4.308,1.000,4.571,3.833
9,4,4,5,5,4,4,5,4,4,4,4,4,3,1,1,1,1,5,4,4,4,4,4,4,4,4,4,4,4,4,4,4,4,3,3,3,3,1,5,3,4.154,1.000,4.000,3.667
10,3,4,5,4,5,4,5,2,4,4,4,1,5,1,1,1,2,3,5,4,4,4,4,4,4,4,4,5,4,4,5,4,4,2,3,5,2,0,3,2,3.846,1.250,4.143,3.833
11,4,5,5,5,4,4,5,5,4,4,5,4,3,1,1,1,1,2,3,5,4,4,4,4,4,5,4,4,3,5,5,4,4,2,3,3,3,0,2,3,4.385,1.000,4.000,3.750
12,3,3,4,4,1,3,5,3,1,1,2,4,4,1,1,2,3,3,4,5,4,4,5,4,4,3,3,2,3,5,4,3,4,1,2,3,1,0,2,3,2.923,1.750,4.286,2.833
13,3,3,4,4,1,4,4,2,1,3,2,4,4,1,2,3,3,2,3,4,4,4,5,5,3,4,4,4,4,5,5,4,4,2,3,3,3,1,2,3,3.000,2.250,4.000,3.750
14,4,4,5,4,4,5,5,4,4,4,5,4,4,1,1,1,2,2,4,5,5,5,4,5,4,4,4,4,4,5,5,4,4,2,2,4,3,0,4,3,4.308,1.250,4.571,3.750
15,3,5,5,5,5,5,5,5,5,5,5,5,5,1,1,1,1,3,5,5,5,5,5,5,5,5,5,5,5,5,5,5,5,1,3,3,3,1,2,9,4.846,1.000,5.000,4.167
16,3,3,4,3,2,3,4,2,3,4,3,3,2,2,2,2,2,4,3,4,3,3,4,3,3,3,3,3,3,4,3,3,4,3,3,3,3,0,3,3,3.000,2.000,3.286,3.167
17,3,3,5,3,4,4,5,3,5,5,3,4,5,1,1,1,1,2,5,5,3,5,5,5,5,3,3,3,4,3,3,3,3,3,4,4,4,1,3,3,4.000,1.000,4.714,3.333
19,2,2,4,2,5,2,4,2,3,4,2,2,2,1,1,1,1,5,2,2,1,2,2,2,2,2,3,2,4,2,2,2,1,2,2,2,2,0,5,3,2.769,1.000,1.857,2.167
20,3,2,4,4,5,4,5,5,4,4,4,4,3,1,1,1,1,5,3,4,3,4,4,3,3,4,4,3,3,4,4,5,4,3,2,3,3,0,5,3,3.923,1.000,3.429,3.500
21,4,2,4,4,5,2,5,4,5,5,2,2,4,1,1,1,1,2,4,5,5,5,4,5,4,4,4,3,3,5,5,4,5,1,2,4,3,1,5,3,3.692,1.000,4.571,3.583
22,2,3,4,3,3,3,5,4,3,4,3,3,2,2,2,2,3,3,2,4,4,4,3,5,4,3,3,3,3,4,4,4,5,4,5,4,4,0,3,3,3.231,2.250,3.714,3.833
23,2,2,4,3,5,2,3,4,5,5,3,2,2,3,3,3,3,5,3,3,3,3,2,2,3,2,3,3,3,4,3,2,4,2,2,1,2,0,5,3,3.231,3.000,2.714,2.583
24,4,1,2,3,4,2,3,4,4,4,2,2,2,1,1,3,3,4,3,4,3,4,3,2,3,2,2,3,1,4,3,2,4,4,5,5,2,2,5,3,2.846,2.000,3.143,3.083
25,4,4,4,4,4,4,5,4,4,5,4,5,4,1,1,1,1,2,2,4,4,4,4,3,4,4,4,3,4,4,4,4,3,2,3,3,3,0,5,3,4.231,1.000,3.571,3.417
26,4,2,4,3,5,3,3,4,5,5,4,4,4,1,1,1,1,5,4,4,4,3,4,4,5,4,4,4,3,5,4,4,4,4,5,5,5,0,5,3,3.846,1.000,4.000,4.250
27,4,3,2,4,5,3,3,2,4,4,4,4,4,2,2,2,4,3,3,2,3,3,3,3,2,4,3,3,2,3,3,2,3,1,2,2,2,1,5,3,3.538,2.500,2.714,2.500
28,2,5,4,5,4,3,5,4,4,5,4,3,2,1,1,1,1,5,4,4,4,4,5,4,4,3,5,4,4,5,5,4,5,3,4,4,4,1,5,3,3.846,1.000,4.143,4.167
29,4,3,4,4,4,4,5,4,4,4,3,4,4,1,1,1,1,5,3,4,4,4,3,4,4,4,4,3,3,4,5,4,4,3,3,4,4,0,4,3,3.923,1.000,3.714,3.750
30,3,2,4,2,4,1,2,2,4,5,1,1,2,2,3,4,4,2,2,3,2,2,4,3,3,2,2,2,2,2,2,2,1,2,2,3,3,1,5,3,2.538,3.250,2.714,2.083
31,2,2,2,3,4,3,2,3,4,4,2,3,4,2,2,2,3,5,2,2,2,2,2,1,1,2,2,2,2,2,2,2,3,3,3,2,2,0,5,3,2.923,2.250,1.714,2.250
32,5,5,5,5,5,5,5,5,4,5,5,2,5,5,5,5,5,2,4,5,4,4,3,3,4,2,2,4,2,5,5,4,5,2,2,1,1,0,4,3,4.692,5.000,3.857,2.917
33,4,1,1,1,3,2,2,3,4,5,2,2,1,2,3,4,5,5,1,2,1,2,3,1,1,1,2,3,2,2,2,2,2,4,2,2,2,0,5,3,2.385,3.500,1.571,2.167
34,2,4,5,2,5,4,5,3,5,5,4,2,2,1,1,2,3,2,3,4,3,4,3,4,4,3,3,3,3,4,4,4,4,3,5,5,4,0,3,3,3.692,1.750,3.571,3.750
35,4,3,2,1,4,2,1,1,4,5,2,3,2,5,5,5,5,3,2,2,2,2,2,2,3,2,2,1,2,1,2,2,3,4,3,2,4,1,5,3,2.615,5.000,2.143,2.333
36,4,2,1,1,4,4,3,4,5,5,4,1,2,1,1,1,1,5,3,3,2,2,2,2,2,2,2,2,2,1,1,1,1,4,4,4,4,0,5,4,3.077,1.000,2.286,2.333
37,1,3,5,4,4,4,5,5,3,4,3,2,3,1,1,2,3,3,4,4,4,4,4,5,4,5,4,4,4,5,5,3,5,5,5,5,4,1,3,3,3.538,1.750,4.143,4.500
38,2,2,5,4,3,3,5,2,2,3,1,3,2,2,2,2,3,3,5,5,5,4,4,4,5,4,4,3,4,5,5,4,5,4,4,5,4,0,2,3,2.846,2.250,4.571,4.250
39,5,4,5,4,4,5,5,5,5,5,5,5,5,1,1,1,1,3,5,5,5,5,5,4,5,4,3,5,5,5,1,5,5,1,1,5,1,0,2,8,4.769,1.000,4.857,3.417
41,2,1,3,2,4,2,5,2,4,3,1,2,2,5,5,5,5,2,3,3,3,3,2,2,2,2,2,2,2,3,2,2,3,2,2,1,1,1,2,3,2.538,5.000,2.571,2.000
42,4,2,4,2,4,2,4,2,4,5,3,2,1,1,1,1,1,4,2,3,2,3,2,3,3,2,2,2,1,2,1,5,2,1,1,1,1,1,5,3,3.000,1.000,2.571,1.750
43,2,5,5,5,3,4,4,4,5,5,5,4,2,1,1,4,4,3,5,5,5,4,4,5,5,3,3,2,3,5,4,4,4,1,2,2,2,1,2,3,4.077,2.500,4.714,2.917
44,5,4,3,3,4,3,4,3,4,4,3,3,4,1,1,1,1,3,3,4,4,3,3,3,4,3,3,2,2,4,4,3,2,1,2,2,1,0,4,3,3.615,1.000,3.429,2.417
45,1,4,4,4,3,4,5,5,3,4,4,5,4,1,1,1,2,2,4,5,4,5,4,5,5,4,4,4,4,5,5,5,4,2,3,3,1,1,2,3,3.846,1.250,4.571,3.667
46,1,1,4,4,4,4,4,4,5,4,2,3,2,2,2,2,3,2,2,3,3,3,2,2,3,3,3,3,3,4,4,4,3,4,3,1,1,0,5,1,3.231,2.250,2.571,3.000
47,3,4,4,4,5,4,5,4,4,4,4,3,3,2,2,2,3,1,3,4,3,4,4,4,3,2,3,2,2,4,4,4,4,2,2,4,2,0,2,2,3.923,2.250,3.571,2.917
48,2,3,4,4,1,4,4,3,2,1,3,2,3,2,3,4,5,2,3,3,3,2,2,3,2,4,4,3,2,4,4,2,3,4,4,4,2,0,2,3,2.769,3.500,2.571,3.333
49,3,2,4,3,5,3,4,4,4,4,2,2,3,1,2,2,2,1,3,3,2,3,4,3,3,2,2,2,2,2,2,2,2,2,2,2,2,1,2,3,3.308,1.750,3.000,2.000
50,4,5,5,5,5,5,5,5,5,5,5,5,5,1,1,1,1,3,5,5,5,5,5,5,5,4,4,5,4,5,5,5,5,3,3,4,4,1,2,1,4.923,1.000,5.000,4.250
51,2,1,3,3,2,2,4,4,3,4,2,3,3,2,2,3,3,4,3,3,3,3,3,3,3,3,3,3,3,4,4,4,4,2,2,2,2,1,5,8,2.769,2.500,3.000,3.000
52,2,2,5,4,5,1,4,4,4,5,2,3,4,1,1,2,2,3,3,4,4,4,3,4,4,3,3,3,2,3,4,2,2,2,3,4,3,1,3,3,3.462,1.500,3.714,2.833
53,3,4,5,5,4,3,3,5,4,5,4,4,5,1,1,2,3,3,3,3,3,3,3,4,3,4,4,4,4,4,4,3,4,5,5,5,5,1,5,3,4.154,1.750,3.143,4.250
54,5,3,4,3,4,3,4,4,3,4,3,4,4,2,2,3,3,5,3,3,3,3,3,3,3,4,3,3,3,3,3,3,3,3,3,3,3,1,5,3,3.692,2.500,3.000,3.083
55,3,4,5,4,3,3,4,4,3,5,4,4,5,1,1,1,1,1,4,4,4,4,3,4,4,4,4,4,4,4,4,4,4,3,3,4,4,1,5,3,3.923,1.000,3.857,3.833
56,4,2,3,3,5,1,4,2,4,5,2,4,1,1,1,1,3,5,3,4,3,2,3,3,3,2,2,2,1,4,4,4,4,3,2,4,3,0,5,3,3.077,1.500,3.000,2.917
57,5,2,3,2,1,2,3,2,2,3,1,2,2,5,5,5,5,2,2,2,3,3,3,3,2,2,2,3,2,3,1,1,2,2,2,2,2,1,2,3,2.308,5.000,2.571,2.000
58,5,3,2,1,4,4,3,2,2,4,4,4,4,1,1,1,1,3,4,4,3,4,4,4,4,3,4,4,5,5,4,4,4,2,4,4,4,0,3,3,3.231,1.000,3.857,3.917
59,3,2,5,3,4,1,5,3,3,3,2,3,4,1,1,1,2,2,3,4,4,5,5,4,4,4,3,3,3,4,4,3,3,2,2,3,2,1,2,3,3.154,1.250,4.143,3.000
60,3,2,4,4,4,3,4,4,4,5,4,2,4,1,2,2,2,2,3,5,5,4,5,4,5,3,4,4,4,5,4,2,5,1,3,4,4,1,5,3,3.615,1.750,4.429,3.583
61,4,4,4,3,4,4,4,4,4,5,5,3,4,1,1,2,3,3,3,4,3,3,3,3,3,4,4,4,3,4,4,4,4,3,3,2,2,0,2,3,4.000,1.750,3.143,3.417
62,3,3,3,3,4,4,4,3,4,4,3,1,3,2,2,3,3,3,2,3,3,3,3,3,3,3,3,4,4,4,4,3,4,2,3,4,3,1,2,3,3.231,2.500,2.857,3.417
63,2,1,4,2,5,1,4,4,5,5,2,3,2,2,2,2,3,5,1,3,3,2,2,4,3,3,3,3,3,5,4,4,4,2,3,3,3,1,5,3,3.077,2.250,2.571,3.333
64,4,3,5,4,5,4,4,4,4,4,3,4,5,1,1,1,1,4,5,3,3,2,3,3,3,3,3,3,3,3,3,3,3,3,3,3,3,1,5,3,4.077,1.000,3.143,3.000
65,4,2,3,3,5,3,5,3,4,5,3,4,4,1,1,3,3,5,4,5,4,5,5,5,4,5,5,3,4,5,5,4,5,2,2,3,1,1,5,3,3.692,2.000,4.571,3.667
66,3,2,2,3,2,2,4,3,3,4,1,2,2,1,1,1,2,4,2,2,2,2,2,2,2,4,3,2,3,3,2,3,4,1,2,2,2,1,5,3,2.538,1.250,2.000,2.583
67,4,5,1,3,2,5,4,2,4,3,3,1,5,1,1,1,2,5,4,4,4,4,5,5,5,2,2,3,3,4,5,3,5,4,3,4,3,1,2,4,3.231,1.250,4.429,3.417
68,1,4,5,5,5,4,5,3,5,5,3,3,5,1,2,2,3,4,5,5,5,5,5,5,5,3,3,3,3,5,5,5,5,1,1,3,1,1,3,4,4.077,2.000,5.000,3.167
69,4,4,4,5,4,5,5,5,4,5,4,5,4,1,1,1,1,2,4,4,5,5,5,4,5,5,5,4,4,4,5,4,4,3,4,5,4,0,4,3,4.462,1.000,4.571,4.250
70,4,4,4,4,4,4,4,4,3,3,4,4,4,1,1,1,1,1,4,5,5,5,3,5,3,4,4,3,4,4,4,4,4,3,4,3,4,0,3,3,3.846,1.000,4.286,3.750
71,2,2,4,4,4,2,5,3,4,4,2,2,4,4,5,5,5,3,3,3,3,3,3,4,4,4,3,4,3,4,4,5,4,2,3,2,3,1,5,4,3.231,4.750,3.286,3.417
72,5,3,5,2,3,3,3,2,5,4,2,1,1,4,5,5,5,1,1,2,2,2,2,3,3,1,1,1,1,1,3,1,1,3,1,1,3,1,2,3,3.000,4.750,2.143,1.500
73,4,2,5,4,3,2,5,3,4,2,2,2,2,2,2,3,3,3,4,5,4,4,4,5,5,4,3,3,4,4,4,4,4,2,4,4,3,1,2,3,3.077,2.500,4.429,3.583
74,4,2,4,4,4,3,4,4,4,4,2,3,4,1,1,2,2,3,3,4,3,3,3,3,3,3,3,3,3,4,4,3,4,2,3,3,3,0,3,1,3.538,1.500,3.143,3.167
75,4,3,3,2,2,3,2,2,3,3,2,2,3,2,3,4,4,2,3,3,3,3,4,4,3,3,2,4,3,3,4,2,3,4,4,4,4,1,2,4,2.615,3.250,3.286,3.333
76,5,3,4,4,5,4,5,5,4,5,3,4,4,1,1,1,1,2,2,5,4,4,3,4,4,3,3,3,3,4,2,2,2,2,2,4,4,0,5,3,4.231,1.000,3.714,2.833
77,1,1,2,3,4,3,4,2,5,5,1,2,1,5,5,5,5,3,2,2,3,1,3,1,1,4,2,3,2,4,1,2,3,1,1,1,1,0,4,3,2.615,5.000,1.857,2.083
79,4,2,5,5,5,3,5,5,4,5,4,5,4,1,1,1,1,1,5,5,5,5,4,5,5,5,4,3,4,5,5,4,5,2,4,4,4,0,5,3,4.308,1.000,4.857,4.083
80,3,2,3,1,2,2,4,1,2,3,2,2,1,4,5,5,5,2,1,3,3,3,2,2,3,3,3,2,3,2,2,3,4,2,2,2,2,1,3,3,2.154,4.750,2.429,2.500
81,2,3,4,2,4,3,4,2,4,3,4,2,3,1,1,2,3,4,3,4,3,3,3,3,2,2,2,3,2,3,2,3,2,2,2,4,2,2,4,9,3.077,1.750,3.000,2.417
82,3,3,4,4,4,3,4,4,4,4,3,4,4,1,1,1,2,1,4,4,4,4,3,4,4,3,3,3,3,4,4,5,4,1,3,4,3,0,3,3,3.692,1.250,3.857,3.333
83,2,3,5,3,4,4,5,3,4,4,3,4,5,1,1,1,2,3,4,4,3,4,5,4,5,3,3,2,4,5,5,3,5,2,2,3,2,0,2,3,3.769,1.250,4.143,3.250
84,5,4,5,3,3,4,4,4,4,4,4,4,4,1,1,2,3,1,3,5,4,4,4,4,4,4,4,4,4,5,4,2,4,3,2,2,2,0,3,3,4.000,1.750,4.000,3.333
85,4,4,5,4,3,3,5,4,3,2,4,3,4,1,1,2,3,3,4,5,4,4,3,4,4,4,4,3,4,4,4,4,4,3,4,4,4,0,2,2,3.692,1.750,4.000,3.833
86,3,3,5,4,5,4,5,5,3,4,3,4,4,1,1,2,3,3,4,4,4,4,5,4,5,3,4,3,4,4,4,4,4,3,3,4,2,0,2,4,4.000,1.750,4.286,3.500
88,4,4,4,4,3,3,4,4,4,4,4,4,2,1,1,1,3,2,3,3,4,4,4,4,4,3,3,2,3,4,4,4,4,2,2,3,3,0,2,3,3.692,1.500,3.714,3.083
89,5,3,4,4,1,4,5,3,3,3,3,4,1,1,1,4,5,1,3,4,5,4,5,4,4,4,3,2,3,5,3,5,4,1,3,3,2,1,3,3,3.308,2.750,4.143,3.167
90,5,4,4,3,5,5,5,4,4,5,4,4,3,1,1,1,1,5,3,5,4,3,4,4,4,4,4,3,4,4,4,4,4,1,2,2,2,1,3,3,4.231,1.000,3.857,3.167
91,2,2,5,4,5,1,4,5,5,5,1,2,5,4,4,4,4,1,2,5,4,5,2,3,3,4,4,1,1,4,4,5,5,2,2,2,2,1,2,3,3.538,4.000,3.429,3.000
92,4,3,4,3,4,4,3,2,4,5,4,2,3,1,1,1,1,3,4,3,3,4,5,3,3,3,3,3,4,4,5,4,5,2,2,2,2,0,2,3,3.462,1.000,3.571,3.250
94,4,5,5,5,4,5,4,4,4,4,5,5,3,1,1,1,2,2,3,5,4,5,5,4,4,4,4,4,4,4,4,4,4,4,4,4,4,1,2,3,4.385,1.250,4.286,4.000
95,1,1,5,4,2,2,5,4,3,3,1,2,5,2,4,5,5,2,5,5,5,5,5,5,5,5,5,5,3,5,5,5,5,3,4,5,2,1,2,5,2.923,4.000,5.000,4.333
96,3,2,5,3,4,3,5,4,5,4,3,4,3,1,1,1,1,4,3,4,5,5,5,5,5,5,5,3,2,5,5,5,5,2,3,3,3,3,3,3,3.692,1.000,4.571,3.833
98,1,3,3,2,5,2,2,2,3,2,2,1,1,4,4,5,5,2,2,2,2,2,3,3,2,2,2,1,2,2,2,2,3,1,1,1,1,1,2,4,2.231,4.500,2.286,1.667
99,2,5,5,4,5,4,5,5,4,5,4,4,5,2,3,4,5,3,4,4,3,4,3,5,4,3,3,1,4,4,3,4,4,2,1,4,3,1,3,2,4.385,3.500,3.857,3.000
100,2,2,5,4,3,3,5,4,3,4,1,2,2,2,2,3,3,5,4,4,4,4,4,4,4,4,4,3,4,4,5,4,4,4,4,4,4,1,4,4,3.077,2.500,4.000,4.000
101,2,3,3,4,1,3,5,5,2,2,2,2,2,1,1,4,5,2,3,4,3,1,2,2,2,4,4,2,2,4,4,4,4,3,4,3,4,1,2,3,2.769,2.750,2.429,3.500
102,5,2,5,3,4,2,5,3,5,5,1,1,3,1,1,1,2,4,5,5,4,5,4,5,5,3,3,2,2,4,4,4,4,2,3,4,4,1,2,4,3.385,1.250,4.714,3.250
103,5,4,2,4,4,4,1,4,4,5,5,4,1,1,1,1,2,3,2,2,2,2,2,2,1,3,5,1,5,3,2,2,4,2,1,1,1,0,2,3,3.615,1.250,1.857,2.500
104,3,4,5,4,4,5,5,4,4,4,4,2,4,2,2,2,2,3,5,4,4,4,4,3,5,4,4,4,4,4,4,5,4,3,4,4,4,0,3,3,4.000,2.000,4.143,4.000
105,4,1,3,5,3,5,5,5,4,5,3,4,5,1,2,5,5,2,4,5,5,5,5,5,5,5,5,3,5,5,5,5,5,2,2,4,2,1,2,3,4.000,3.250,4.857,4.000
106,1,1,1,3,1,5,2,2,3,4,1,1,1,5,5,5,5,1,3,2,2,4,4,3,3,2,2,2,2,4,2,4,4,4,4,4,4,0,2,5,2.000,5.000,3.000,3.167
107,4,2,4,3,4,2,3,2,4,4,2,2,2,2,2,3,4,5,2,1,3,2,2,2,3,3,3,3,3,2,2,2,2,4,3,2,2,1,5,4,2.923,2.750,2.143,2.583
108,2,3,3,2,4,2,3,1,4,5,2,2,3,1,1,3,3,2,3,3,3,3,3,3,3,2,1,2,2,2,2,2,2,2,2,3,2,1,4,3,2.769,2.000,3.000,2.000
109,3,4,3,2,2,3,3,4,3,3,4,3,2,2,2,2,2,4,2,2,2,2,2,2,2,3,3,3,3,3,3,3,4,4,4,3,4,0,3,9,3.000,2.000,2.000,3.333
110,5,1,4,5,2,2,4,4,4,4,2,4,3,1,1,3,5,3,4,4,4,4,4,5,5,4,4,4,5,5,4,4,4,1,2,4,4,1,2,3,3.385,2.500,4.286,3.750
111,4,4,4,4,3,4,4,4,3,3,3,4,2,5,5,5,5,2,4,4,4,4,3,4,4,4,4,4,4,4,5,4,4,3,2,4,3,1,3,3,3.538,5.000,3.857,3.750
112,5,5,4,5,4,4,5,5,4,5,4,5,4,1,1,1,1,1,4,5,5,4,5,5,5,5,4,4,4,5,5,5,5,4,4,4,4,1,3,1,4.538,1.000,4.714,4.417
113,5,2,2,3,5,1,4,4,5,5,2,1,1,1,1,1,1,5,3,2,2,3,4,2,1,1,1,1,1,3,3,3,3,1,1,1,1,0,4,2,3.077,1.000,2.429,1.667
114,4,2,4,4,3,3,4,4,4,4,3,3,2,1,1,1,1,2,3,4,4,3,3,4,4,4,4,2,4,4,4,4,4,3,4,3,3,1,4,3,3.385,1.000,3.571,3.583
115,3,2,4,3,3,5,4,4,3,4,4,3,4,3,3,3,3,1,4,4,4,4,3,3,4,4,3,4,3,4,3,4,4,2,3,3,3,0,2,7,3.538,3.000,3.714,3.333
116,2,2,3,2,4,2,4,2,3,5,2,2,2,4,4,4,4,2,3,2,2,3,2,1,3,2,3,1,2,3,3,2,3,3,2,2,3,1,5,4,2.692,4.000,2.286,2.417
117,2,1,5,4,3,3,5,4,3,4,2,2,5,1,1,1,1,3,4,4,5,5,3,4,4,3,3,3,3,5,4,4,5,2,4,4,3,0,4,3,3.308,1.000,4.143,3.583
118,1,1,1,3,2,1,2,2,5,5,1,2,1,3,3,3,4,3,2,3,2,2,2,1,1,3,3,1,1,2,1,1,1,4,4,4,3,1,3,4,2.077,3.250,1.857,2.333
119,5,4,5,3,5,3,4,3,5,5,3,4,4,1,1,1,1,3,2,3,2,3,2,3,4,2,1,3,3,2,2,2,2,3,4,4,3,0,5,3,4.077,1.000,2.714,2.583
120,5,5,5,5,4,5,5,5,3,4,5,5,2,1,1,1,1,5,5,4,4,5,5,5,5,5,4,2,5,5,5,5,5,1,1,2,2,1,3,1,4.462,1.000,4.714,3.500
121,3,4,4,4,4,4,5,5,5,5,4,4,3,1,1,1,2,2,4,4,4,4,3,3,4,4,4,3,3,4,4,4,4,3,2,2,3,0,3,8,4.154,1.250,3.714,3.333
123,3,4,5,5,5,4,5,5,5,4,3,1,2,1,1,1,1,2,4,3,4,4,3,5,3,4,5,3,3,5,4,5,4,2,1,2,2,1,4,3,3.923,1.000,3.714,3.333
124,3,2,1,1,3,1,3,3,4,5,1,2,4,1,1,1,2,1,1,1,1,1,1,1,1,1,1,1,1,1,1,2,1,1,1,1,1,2,5,3,2.538,1.250,1.000,1.083
125,4,3,4,5,4,3,5,4,5,4,3,3,5,1,1,2,3,1,3,3,2,3,2,4,2,3,3,4,2,4,4,3,3,1,1,3,3,0,4,3,4.000,1.750,2.714,2.833
126,2,2,2,2,5,3,4,5,5,5,3,3,2,1,1,1,1,1,2,3,3,3,3,1,2,2,2,3,3,2,3,2,3,2,2,2,2,0,5,3,3.308,1.000,2.429,2.333
127,2,3,5,3,4,5,4,4,2,4,4,4,4,1,1,3,4,2,3,2,2,3,5,3,5,4,5,3,4,4,2,4,4,4,4,4,4,0,2,3,3.692,2.250,3.286,3.833
128,1,2,3,2,2,2,4,1,2,4,2,2,2,2,2,3,4,2,3,4,3,3,2,4,3,2,2,2,2,3,3,3,3,4,4,4,4,0,2,1,2.231,2.750,3.143,3.000
129,5,4,5,5,2,4,5,4,3,3,4,4,4,1,1,1,3,3,4,5,5,5,5,5,4,5,3,3,3,5,5,5,5,3,3,3,3,0,3,1,4.000,1.500,4.714,3.833
130,4,1,5,5,4,4,5,5,3,4,3,4,4,1,1,2,3,2,2,5,5,5,5,5,5,3,3,3,3,5,5,5,5,1,1,4,1,1,3,3,3.923,1.750,4.571,3.250
131,4,3,5,4,5,3,4,4,4,3,3,2,3,2,2,2,3,2,4,5,3,4,5,5,4,3,4,2,3,4,4,4,4,2,2,4,2,1,2,2,3.615,2.250,4.286,3.167
132,2,1,3,3,4,1,4,5,3,4,1,1,5,5,5,5,5,3,5,4,5,5,3,5,4,4,2,3,1,5,5,5,5,1,1,1,1,1,2,3,2.846,5.000,4.429,2.833
133,1,2,4,2,4,2,3,3,4,4,2,1,1,3,3,3,4,1,2,2,3,2,2,2,1,3,3,1,3,3,3,2,1,2,2,2,2,1,2,1,2.538,3.250,2.000,2.250
135,4,4,4,4,3,4,4,4,4,3,4,3,2,2,2,4,5,1,3,4,4,3,4,4,4,3,3,4,4,4,4,4,4,4,3,4,2,1,2,2,3.615,3.250,3.714,3.583
136,4,3,4,4,4,4,5,5,4,4,4,4,4,3,4,4,4,2,3,3,4,4,2,4,3,4,3,2,4,4,4,3,4,2,2,3,3,0,5,3,4.077,3.750,3.286,3.167
137,2,2,4,2,5,4,5,2,4,5,3,2,4,1,2,2,2,1,4,2,2,3,3,3,1,2,2,3,3,2,3,2,1,2,2,4,4,1,2,3,3.385,1.750,2.571,2.500
138,3,4,4,5,5,4,5,5,5,5,4,1,4,1,1,1,2,2,5,5,5,5,5,5,5,4,3,2,3,5,5,5,5,4,5,5,5,1,3,3,4.154,1.250,5.000,4.182
139,4,3,5,2,4,3,4,3,5,5,4,2,4,1,1,1,1,2,1,2,1,2,2,2,2,4,4,3,3,3,2,2,2,5,2,2,2,0,3,1,3.692,1.000,1.714,2.833
140,2,4,3,2,2,4,4,2,4,4,4,3,1,2,2,2,2,2,2,4,3,3,2,3,2,2,3,2,2,2,2,2,2,2,2,3,2,1,2,3,3.000,2.000,2.714,2.167
141,5,4,5,4,3,5,5,4,4,3,4,4,3,3,3,4,5,2,4,5,5,4,3,4,4,4,4,3,4,5,5,5,4,2,3,3,3,0,2,3,4.077,3.750,4.143,3.750
142,4,3,3,3,4,3,3,4,4,4,3,4,4,3,3,3,3,1,3,3,3,3,2,2,3,3,3,3,3,3,3,3,3,3,3,3,3,1,5,3,3.538,3.000,2.714,3.000
143,2,2,2,4,1,3,4,3,3,3,2,2,2,2,3,4,5,1,3,3,3,2,2,1,1,2,2,1,2,4,3,4,4,1,1,2,2,1,2,3,2.538,3.500,2.143,2.333
144,5,3,3,3,3,5,3,3,3,3,3,3,5,3,1,1,1,2,5,3,5,3,5,5,5,5,5,3,3,3,3,3,5,1,4,5,3,0,2,8,3.462,1.500,4.429,3.583
145,1,3,1,1,5,1,2,1,3,3,1,1,3,1,1,1,1,3,2,2,2,1,2,3,1,1,1,1,3,1,1,1,1,4,3,3,3,1,3,3,2.000,1.000,1.857,1.917
146,4,5,5,5,4,2,5,5,4,4,4,5,5,1,1,1,1,1,5,5,4,4,4,4,5,4,4,3,4,5,5,4,5,3,3,4,3,1,2,1,4.385,1.000,4.429,3.917
147,5,1,1,1,1,1,3,4,4,5,1,1,1,3,3,3,3,4,2,2,1,1,2,1,2,3,1,1,2,2,1,4,2,1,1,1,1,0,5,3,2.231,3.000,1.571,1.667
148,4,3,4,5,4,2,5,5,4,4,3,3,5,3,3,3,3,1,5,5,5,5,5,5,5,4,3,3,3,5,5,5,5,4,5,4,3,1,3,5,3.923,3.000,5.000,4.083
149,5,3,4,4,4,3,4,4,5,5,3,5,5,1,1,1,1,3,4,5,5,5,4,5,5,4,4,3,4,5,5,4,5,1,2,4,3,1,3,3,4.154,1.000,4.714,3.667
151,4,4,4,4,4,4,4,4,4,4,3,2,3,2,3,4,4,1,4,4,4,2,4,4,4,5,3,2,4,3,4,4,3,2,3,4,2,1,2,8,3.692,3.250,3.714,3.250
152,5,4,4,4,2,4,4,4,2,2,4,4,2,1,1,3,4,4,3,3,3,4,3,4,3,4,4,4,4,4,4,3,4,4,4,4,4,0,4,3,3.462,2.250,3.286,3.917
153,1,5,4,2,2,2,3,1,3,4,2,2,4,1,1,1,2,3,4,4,3,4,3,3,4,2,2,2,2,2,2,2,4,2,2,3,3,1,3,3,2.692,1.250,3.571,2.333
154,1,2,1,2,5,1,5,3,3,4,1,1,2,1,1,1,1,5,2,3,3,2,4,1,1,2,1,1,1,4,2,2,2,4,4,5,4,1,4,3,2.385,1.000,2.286,2.667
155,4,3,5,4,5,4,5,5,3,4,3,4,3,1,1,2,2,4,3,4,3,4,4,3,4,4,4,3,5,4,4,4,4,4,3,4,4,1,5,3,4.000,1.500,3.571,3.917
156,3,2,4,4,3,2,3,4,2,3,2,2,1,3,3,3,4,4,3,4,3,3,2,3,3,4,4,2,3,4,4,4,4,3,3,3,3,1,4,3,2.692,3.250,3.000,3.417
157,1,1,5,4,4,1,5,4,4,4,1,2,2,4,4,4,4,2,5,4,3,4,3,4,4,3,3,1,2,4,4,4,4,1,2,2,1,1,3,3,2.923,4.000,3.857,2.583
158,4,2,2,2,2,2,3,2,2,2,2,4,2,3,5,5,5,4,3,1,2,1,1,3,2,3,3,2,2,3,2,2,2,4,4,4,4,1,2,3,2.385,4.500,1.857,2.917
159,3,3,5,5,5,3,5,5,5,5,3,4,4,1,1,1,1,2,5,5,5,5,5,5,5,5,5,5,5,5,5,5,5,3,3,3,1,0,5,3,4.231,1.000,5.000,4.167
160,2,2,2,2,3,3,2,2,4,4,2,3,4,2,3,4,5,1,3,2,2,2,3,2,3,4,2,3,3,2,3,2,2,4,3,2,2,0,2,2,2.692,3.500,2.429,2.667
161,2,4,4,3,4,4,2,2,2,4,2,2,4,2,2,3,3,2,3,2,3,2,2,3,2,2,2,2,2,4,4,3,4,4,4,3,4,1,3,3,3.000,2.500,2.429,3.167
162,4,2,4,4,4,4,4,4,3,3,2,4,4,1,2,3,4,2,4,4,4,4,4,4,4,4,4,4,4,4,4,4,2,2,2,2,2,0,2,4,3.538,2.500,4.000,3.167
163,4,4,5,3,4,4,5,4,3,4,4,3,4,1,1,1,1,2,4,5,5,4,5,5,5,4,3,3,3,4,4,5,4,3,3,4,4,1,5,4,3.923,1.000,4.714,3.667
164,1,1,2,3,4,1,2,4,4,4,1,1,1,5,5,5,5,5,3,3,3,3,1,3,2,2,2,2,2,3,3,3,4,2,4,4,2,1,3,5,2.231,5.000,2.571,2.750
165,3,4,4,2,5,4,3,4,4,5,3,2,2,2,2,2,3,4,4,4,4,4,3,3,3,3,3,3,3,4,4,2,4,3,3,2,4,1,5,3,3.462,2.250,3.571,3.167
166,2,2,4,4,1,3,3,4,3,4,2,3,2,2,2,3,3,3,4,4,4,4,3,3,3,3,4,2,2,4,3,4,4,3,4,3,3,1,2,3,2.846,2.500,3.571,3.250
167,4,3,4,4,4,3,4,5,4,4,4,4,3,1,1,2,3,1,3,5,4,4,3,3,4,4,4,3,4,4,4,5,4,2,2,4,2,1,3,3,3.846,1.750,3.714,3.500
168,4,4,5,5,4,4,5,5,4,4,4,5,4,1,1,1,1,5,5,5,5,5,5,5,5,5,5,2,3,5,5,5,5,1,3,3,3,1,3,3,4.385,1.000,5.000,3.750
169,4,1,2,2,4,2,2,2,4,4,2,4,2,4,4,4,4,3,2,2,2,2,2,2,2,2,2,2,2,2,2,2,2,2,2,2,2,1,5,3,2.692,4.000,2.000,2.000
170,2,5,4,5,4,3,5,5,5,5,4,2,1,2,2,3,3,2,4,4,4,4,4,4,4,3,3,2,3,5,4,5,5,2,3,4,3,1,3,5,3.846,2.500,4.000,3.500
172,4,3,4,4,4,4,4,4,4,4,5,4,4,1,2,2,3,1,3,4,4,4,4,3,3,4,4,2,3,4,4,3,4,3,3,2,2,0,3,3,4.000,2.000,3.571,3.167
173,1,2,4,2,2,2,4,2,3,2,2,1,2,3,3,4,4,1,3,3,3,3,3,3,3,2,2,2,2,3,3,2,3,3,3,4,4,1,3,3,2.231,3.500,3.000,2.750
174,1,3,4,3,2,3,4,3,4,4,3,2,2,1,2,3,3,3,3,4,3,3,4,4,3,3,3,3,3,4,4,2,4,2,2,3,2,1,2,3,2.923,2.250,3.429,2.917
175,2,2,1,2,1,2,2,2,2,1,2,1,1,4,4,5,5,2,1,2,1,1,1,1,1,2,2,1,1,2,2,2,2,2,2,2,2,0,2,3,1.615,4.500,1.143,1.833
182,4,4,5,5,4,5,5,5,2,5,2,2,3,1,1,1,1,3,5,5,5,5,4,5,5,2,2,5,3,5,5,5,5,2,4,4,2,1,5,1,3.923,1.000,4.857,3.667
183,3,4,4,3,3,3,4,3,4,4,3,3,2,2,2,2,2,5,4,4,4,4,5,4,4,4,3,3,3,4,4,4,4,3,3,4,3,1,4,3,3.308,2.000,4.143,3.500
185,4,4,4,4,5,4,5,4,4,4,4,4,4,1,1,1,2,2,5,5,5,5,5,5,5,4,4,4,4,5,5,4,5,3,3,3,3,0,5,3,4.154,1.250,5.000,3.917