Year,Team,Rec_Rec,Rec_Yds,Rec_Avg,Rec_Lg,Rec_TD,Def_Int,Def_Yds,Def_Avg,Def_Lg,Def_TD,Def_Solo,Def_Ast,Def_Tot,Def_Sack,Def_YdsL,Kick_PAT_Comp,Kick_PAT_Att,Kick_FG_Comp,Kick_FG_Att,Kick_0-19_Comp,Kick_0-19_Att,Kick_20-29_Comp,Kick_20-29_Att,Kick_30-39_Comp,Kick_30-39_Att,Kick_40-49_Comp,Kick_40-49_Att,Kick_50+_Comp,Kick_50+_Att,Kick_Lg,Kick_Pts,KReturn_Num,KReturn_Yds,KReturn_Avg,KReturn_FC,KReturn_Lg,KReturn_TD,Kickoff_Num,Kickoff_Yds,Kickoff_Avg,Kickoff_Lg,Kickoff_TB,Kickoff_OB,Kickoff_Ret,Kickoff_RYds,Kickoff_TD,Pass_Att,Pass_Cmp,Pass_Pct,Pass_Yds,Pass_YPA,Pass_TD,Pass_TD%,Pass_Int,Pass_Int%,Pass_Lg,Pass_Sack,Pass_Loss,Pass_Rate,PReturn_Num,PReturn_Yds,PReturn_Avg,PReturn_FC,PReturn_Lg,PReturn_TD,Rush_Att,Rush_Gain,Rush_Loss,Rush_Yds,Rush_Avg,Rush_Lg,Rush_TD,Scor_Pts,Scor_Tot,Scor_R,Scor_P,Scor_KR,Scor_PR,Scor_IR,Scor_FR,Scor_BK,Scor_BP,Scor_FGR,Scor_PAT_Comp,Scor_PAT_Att,Scor_FG_Comp,Scor_FG_Att,Scor_Conv,Scor_Saf,Punt_Punts,Punt_Yds,Punt_Avg,Punt_Lg,Punt_TB,Punt_In20,Punt_Blk,Punt_Net,Punt_Ret,Punt_RYds,Wins,Losses
2018,BC,158,2110,13.35,71,18,18,331,18.39,81,2,226,176,402,10,65,46,50,6,9,0,0,4,5,2,3,0,1,0,0,38,64,47,1117,23.77,1,60,0,68,4155,61.1,65,14,5,43,907,0,337,195,57.86,2583,7.66,25,7.42,9,2.67,71,23,137,203.28,23,322,14,22,74,1,504,2539,229,2310,4.58,74,20,256,35,19,14,0,0,0,0,0,2,0,29,29,5,8,1,0,69,2774,40.2,54,2,25,1,35.9,28,223,7,5
2018,CLEM,294,3898,13.26,74,34,12,328,27.33,46,2,285,172,457,11,69,88,90,12,18,0,0,4,4,5,8,3,6,0,0,49,124,20,454,22.7,4,43,0,117,7386,63.13,71,81,0,32,657,1,506,327,64.62,4180,8.26,37,7.31,8,1.58,74,18,122,86.45,42,300,7.14,36,62,1,547,3914,220,3694,6.75,75,45,547,73,42,30,0,1,0,0,0,0,0,76,78,11,16,0,0,64,2541,39.7,63,4,19,0,36.6,16,121,15,0
2018,DUKE,243,2707,11.14,85,28,4,76,19,53,1,130,56,186,2,13,49,51,9,13,0,0,3,4,6,6,0,3,0,0,35,76,37,720,19.46,1,46,0,72,4150,57.64,65,18,2,43,845,0,474,278,58.65,3199,6.75,31,6.54,10,2.11,85,30,184,237.86,28,160,5.71,20,32,0,454,2275,252,2023,4.46,75,19,322,41,18,23,0,0,0,0,0,0,0,49,51,9,13,0,0,67,2772,41.37,57,4,23,0,37.5,24,178,8,5
2018,FSU,243,3030,12.47,78,20,12,125,10.42,63,1,220,132,352,3.5,20,30,31,11,17,0,0,2,2,3,5,4,8,2,2,53,63,33,648,19.64,3,35,0,53,3275,61.79,71,37,2,12,305,0,451,260,57.65,3241,7.19,20,4.43,13,2.88,78,36,237,59.76,20,257,12.85,20,74,1,279,1241,111,1130,4.05,85,8,197,22,9,13,0,0,0,0,0,0,0,30,31,11,17,1,0,82,3545,43.23,61,5,14,1,37.1,33,364,5,7
2018,GT,26,454,17.46,37,3,11,231,21,95,2,199,139,338,6,44,53,55,10,13,0,0,4,4,2,2,4,5,0,2,48,83,28,689,24.61,6,100,2,78,4643,59.53,70,20,1,48,1261,2,126,56,44.44,1089,8.64,7,5.56,4,3.17,86,16,90,192.9,13,91,7,15,25,0,724,4402,251,4151,5.73,65,46,352,47,44,3,0,0,0,0,0,0,0,39,39,9,9,2,0,35,1447,41.34,62,2,14,0,38.5,10,60,7,6
2018,LOU,181,2354,13.01,53,8,6,81,13.5,34,0,107,59,166,0.5,1,27,30,10,12,0,0,4,4,3,4,3,3,0,1,46,57,44,997,22.66,5,93,1,51,2981,58.45,74,11,1,33,685,1,394,210,53.3,2533,6.43,10,2.54,15,3.81,53,43,244,69.04,13,197,15.15,10,55,1,389,2047,343,1704,4.38,75,17,153,16,12,3,1,0,0,0,0,0,0,27,30,10,12,0,0,69,2798,40.55,64,2,19,0,36.5,25,239,2,10
2018,MIA,151,1889,12.51,67,16,16,230,14.38,83,2,226,214,440,21.5,138,47,48,9,12,0,0,2,3,6,6,1,3,0,0,47,74,29,673,23.21,0,53,0,71,4356,61.35,65,42,4,24,540,0,354,182,51.41,2175,6.14,19,5.37,14,3.95,67,26,180,82.68,21,437,20.81,32,65,3,460,2705,249,2456,5.34,83,23,294,37,18,17,0,2,0,0,0,0,0,45,46,9,12,0,0,34,1282,37.71,53,0,11,0,32.9,13,163,7,6
2018,NCST,300,3701,12.34,74,21,10,113,11.3,57,1,176,140,316,7,35,51,51,23,26,0,1,15,15,5,6,3,4,0,0,49,120,20,411,20.55,5,47,0,84,4874,58.02,67,23,0,46,950,0,496,334,67.34,4071,8.21,25,5.04,11,2.22,74,12,85,153,15,140,9.33,24,40,0,403,1918,124,1794,4.45,86,24,368,41,23,18,0,0,0,0,0,0,0,51,51,23,26,1,0,49,2076,42.37,72,4,22,0,38.9,15,88,9,4
2018,PITT,138,1652,11.97,78,12,9,148,16.44,79,0,139,63,202,2,13,40,43,13,17,0,0,3,3,2,4,4,5,4,5,55,79,26,634,24.38,9,99,2,73,4549,62.32,65,44,2,26,532,0,315,182,57.78,1985,6.3,12,3.81,6,1.9,78,32,240,95.6,20,157,7.85,19,86,1,551,3534,362,3172,5.76,97,28,297,36,23,10,2,1,0,0,0,0,0,40,42,13,17,1,0,74,3067,41.45,73,4,19,0,37.4,31,222,7,7
2018,SYR,254,3245,12.78,82,19,18,93,5.17,39,0,264,138,402,6.5,37,61,61,30,34,1,1,10,11,12,12,4,7,3,3,54,151,29,560,19.31,7,43,0,101,6085,60.25,65,61,2,22,403,0,461,271,58.79,3441,7.46,22,4.77,12,2.6,82,37,243,149.94,24,356,14.83,32,69,2,532,2799,238,2561,4.81,68,33,451,50,33,16,0,1,0,0,0,0,0,61,61,30,34,0,0,67,2874,42.9,58,4,26,0,39.3,16,158,10,3
2018,UNC,210,2327,11.08,80,12,7,38,5.43,19,0,109,49,158,0,0,33,33,18,28,0,0,6,6,6,10,6,11,0,1,49,87,34,723,21.26,2,38,0,56,3502,62.54,65,32,1,20,387,0,414,244,58.94,2740,6.62,14,3.38,14,3.38,80,10,69,110.27,20,286,14.3,16,75,1,347,2154,101,2053,5.92,84,19,225,23,17,5,0,1,0,0,0,0,0,31,31,18,28,1,0,50,1993,39.86,60,0,16,0,38.7,16,56,2,9
2018,UVA,197,2378,12.07,86,23,17,287,16.88,62,0,222,166,388,4.5,25,45,45,15,22,0,0,5,5,7,13,3,3,0,1,46,90,32,814,25.44,1,90,1,73,4619,63.27,80,47,1,24,599,1,356,228,64.04,2751,7.73,26,7.3,9,2.53,86,31,197,133.33,36,247,6.86,11,43,0,478,2485,299,2186,4.57,75,19,309,41,19,21,1,0,0,0,0,0,0,25,25,12,16,1,0,51,2130,41.76,61,6,20,0,39,13,22,8,5
2018,VT,229,3098,13.53,72,27,7,27,3.86,18,0,130,64,194,2.5,10,48,48,12,19,0,0,4,4,5,5,3,9,0,1,45,84,41,928,22.63,0,51,0,73,4670,63.97,79,61,2,8,160,0,428,250,58.41,3300,7.71,29,6.78,10,2.34,72,28,191,85.85,28,175,6.25,14,20,1,489,2596,322,2274,4.65,87,19,294,35,11,23,0,0,0,0,0,1,0,44,44,12,18,2,0,69,2940,42.61,72,5,23,0,38.4,19,190,6,7
2018,WF,224,2837,12.67,54,25,6,133,22.17,60,2,174,104,278,2,11,52,52,19,22,0,0,8,9,9,11,2,2,0,0,49,109,25,506,20.24,7,38,0,83,5040,60.72,65,33,1,46,1097,1,442,247,55.88,3069,6.94,25,5.66,13,2.94,54,33,189,66.7,32,361,11.28,22,70,2,607,3092,318,2774,4.57,74,21,353,41,17,22,0,2,0,0,0,0,0,50,50,19,22,0,0,77,3217,41.78,56,3,24,0,38.2,23,219,7,6
2017,BC,182,1993,10.95,76,13,18,388,21.56,65,2,298,279,577,13.5,90,40,43,12,20,0,0,2,3,8,9,2,7,0,1,42,76,43,946,22,2,55,0,68,4279,62.93,65,35,2,31,690,0,366,198,54.1,2162,5.91,16,4.37,12,3.28,76,14,92,108.05,27,354,13.11,25,61,0,575,3060,160,2900,5.04,76,23,244,28,21,7,0,0,0,0,0,0,0,40,43,12,20,0,0,77,3079,39.99,63,4,34,1,36.8,29,125,7,6
2017,CLEM,255,2869,11.25,79,14,14,214,15.29,55,3,238,170,408,14,74,58,62,12,19,0,0,5,5,3,6,4,8,0,0,49,94,28,538,19.21,0,39,0,88,5471,62.17,65,26,3,59,1159,0,469,309,65.88,3297,7.03,17,3.62,9,1.92,79,30,201,99.96,29,322,11.1,31,77,1,551,3021,273,2748,4.99,89,40,388,50,40,10,0,0,0,0,0,0,0,55,58,11,18,0,0,67,2723,40.64,64,4,25,0,36.5,20,195,12,2
2017,DUKE,234,2552,10.91,58,14,15,224,14.93,61,4,186,181,367,8,42,37,40,18,22,0,0,10,11,7,9,1,2,0,0,45,91,30,698,23.27,1,76,0,73,4518,61.89,65,19,1,52,1008,0,468,266,56.84,2774,5.93,16,3.42,12,2.56,58,29,203,96.66,19,107,5.63,20,33,0,514,2523,318,2205,4.29,65,22,246,27,20,7,0,0,0,0,0,0,0,33,35,17,21,0,0,61,2565,42.05,59,9,10,1,35.6,25,180,7,6
2017,FSU,164,2034,12.4,60,18,9,88,9.78,41,2,153,101,254,4,34,42,44,18,21,0,0,5,5,11,13,1,2,1,1,51,96,27,653,24.19,0,81,0,75,4782,63.76,65,40,2,33,677,0,344,202,58.72,2551,7.42,21,6.1,13,3.78,60,32,215,192.18,31,255,8.23,19,47,0,372,2147,109,2038,5.48,69,17,312,36,17,18,0,0,0,1,0,0,0,42,43,18,21,0,0,66,2849,43.17,61,6,22,0,37.8,19,234,7,6
2017,GT,25,545,21.8,80,6,6,98,16.33,27,1,175,59,234,2,6,34,37,7,10,0,0,4,4,2,3,1,3,0,0,42,55,40,775,19.38,0,42,1,57,3372,59.16,65,10,2,44,1077,1,118,43,36.44,927,7.86,10,8.47,5,4.24,80,20,113,41.33,17,125,7.35,20,21,0,624,3609,226,3383,5.42,78,30,255,33,25,8,0,0,0,0,0,0,0,34,36,7,10,1,0,50,2205,44.1,62,1,16,0,39.7,21,198,5,6
2017,LOU,232,3284,14.16,78,25,13,230,17.69,61,2,207,129,336,5,44,58,59,17,20,1,1,3,3,9,11,4,5,0,0,48,109,25,483,19.32,2,43,0,91,5478,60.2,65,23,3,66,1306,1,464,277,59.7,3898,8.4,29,6.25,10,2.16,78,32,180,98.97,24,123,5.13,14,33,0,487,3441,260,3181,6.53,75,33,453,57,32,25,0,0,0,0,0,0,0,58,59,17,20,1,0,44,1914,43.5,58,2,10,0,39.9,20,119,8,5
2017,MIA,190,2717,14.3,78,26,17,228,13.41,65,2,241,165,406,9.5,76,45,46,17,23,2,2,7,8,5,5,2,4,1,4,50,96,35,753,21.51,0,38,0,75,4729,63.05,68,32,3,41,962,1,423,226,53.43,3144,7.43,26,6.15,14,3.31,78,28,141,105.38,14,220,15.71,42,44,0,398,2331,210,2121,5.33,82,19,330,39,19,20,0,0,0,0,0,0,0,45,46,17,23,0,0,72,2777,38.57,54,3,25,1,36.3,12,69,10,3
2017,NCST,296,3287,11.1,79,16,14,202,14.43,73,2,244,185,429,4,34,49,52,10,20,0,0,6,7,2,9,2,3,0,1,48,79,33,750,22.73,1,58,0,79,4617,58.44,69,22,0,54,1085,1,484,315,65.08,3576,7.39,17,3.51,6,1.24,79,14,88,134.66,16,197,12.31,20,92,1,474,2547,224,2323,4.9,83,35,371,48,34,13,0,1,0,0,0,0,0,49,52,10,20,2,0,54,2358,43.67,69,4,23,1,37.1,18,237,9,4
2017,PITT,214,2509,11.72,74,10,9,84,9.33,34,0,216,90,306,6,43,34,34,11,19,0,0,2,3,1,3,6,9,2,4,56,67,30,562,18.73,0,36,0,58,3653,62.98,67,29,0,28,706,1,360,224,62.22,2612,7.26,12,3.33,8,2.22,74,31,221,235.5,23,329,14.3,17,80,2,423,2084,217,1867,4.41,92,21,213,24,16,8,0,0,0,0,0,0,0,34,34,11,19,1,0,57,2536,44.49,63,5,16,2,37,20,251,5,7
2017,SYR,286,3153,11.02,66,19,4,62,15.5,24,1,120,60,180,0,0,35,36,22,30,0,0,8,8,5,5,7,12,2,5,53,101,38,863,22.71,1,64,0,69,4427,64.16,74,31,6,32,708,0,548,320,58.39,3538,6.46,20,3.65,16,2.92,66,31,185,134.2,19,137,7.21,23,34,0,462,2213,282,1931,4.18,74,16,282,31,14,17,0,0,0,0,0,0,0,34,35,20,27,1,0,57,2462,43.19,64,4,20,0,41.4,9,24,4,8
2017,UNC,176,2126,12.08,54,16,7,100,14.29,73,0,126,88,214,0,0,37,38,9,14,0,0,2,2,4,5,2,5,1,2,51,64,43,1011,23.51,1,98,2,59,3748,63.53,73,30,1,28,536,1,406,221,54.43,2702,6.66,21,5.17,16,3.94,54,31,240,147.72,21,226,10.76,20,41,0,421,2123,387,1736,4.12,59,17,280,36,17,17,2,0,0,0,0,0,0,37,38,9,14,0,0,45,2061,45.8,66,2,16,0,40.8,14,186,3,9
2017,UVA,284,3098,10.91,81,24,15,154,10.27,58,1,230,202,432,10.5,78,37,37,8,12,0,0,5,5,3,3,0,4,0,0,38,61,41,1106,26.98,1,98,2,58,3609,62.22,68,20,2,35,856,0,518,300,57.92,3233,6.24,25,4.83,11,2.12,81,31,194,63.05,22,98,4.45,24,18,0,311,1408,80,1328,4.27,56,10,231,28,8,18,2,0,0,0,0,0,0,37,37,8,12,1,0,75,3278,43.71,63,9,29,0,37.5,23,287,6,7
2017,VT,187,2364,12.64,70,17,12,252,21,69,2,197,134,331,10.5,67,42,42,18,26,0,0,6,7,8,11,2,5,2,3,50,96,26,613,23.58,0,70,0,76,4768,62.74,65,59,1,16,288,0,410,245,59.76,3113,7.59,21,5.12,9,2.2,70,23,150,116.27,40,413,10.33,33,91,2,558,2499,245,2254,4.04,46,19,304,37,18,16,0,2,1,0,0,0,0,37,37,15,21,0,0,62,2621,42.27,57,6,20,0,39.6,12,47,9,4
2017,WF,245,3341,13.64,52,32,14,187,13.36,52,1,346,159,505,7,37,52,56,21,25,0,0,10,10,7,8,4,6,0,1,43,115,39,814,20.87,0,40,0,88,5218,59.3,65,33,6,49,1030,0,426,268,62.91,3599,8.45,33,7.75,7,1.64,52,19,109,82.9,29,264,9.1,16,75,0,493,2530,194,2336,4.74,76,21,395,47,16,31,0,0,0,0,0,0,0,50,54,21,25,0,0,68,2996,44.06,74,7,23,3,36.7,27,250,8,5
2016,BC,129,1671,12.95,58,12,12,149,12.42,64,1,246,111,357,25,215,29,32,12,16,0,0,6,6,5,7,1,3,0,0,40,65,30,683,22.77,0,89,1,58,3534,60.93,65,17,2,39,719,0,296,150,50.68,1901,6.42,14,4.73,8,2.7,58,27,182,209.75,26,328,12.62,37,53,0,546,2274,313,1961,3.59,75,16,197,22,11,11,0,0,0,0,0,0,0,27,30,12,14,1,0,94,3601,38.31,63,7,18,1,34.8,32,155,7,6
2016,CLEM,392,4745,12.1,65,41,20,309,15.45,86,2,373,225,598,11,98,72,74,14,19,0,0,5,6,4,6,5,7,0,0,47,114,34,723,21.26,1,77,0,105,6277,59.78,67,38,3,58,1123,0,624,420,67.31,5005,8.02,45,7.21,17,2.72,65,20,114,162.44,35,280,8,36,74,0,546,2638,182,2456,4.5,59,29,501,64,26,38,0,0,0,0,0,0,0,71,73,14,19,2,0,61,2321,38.05,67,4,22,0,35.9,9,50,14,1
2016,DUKE,256,2728,10.66,64,18,10,50,5,36,1,222,162,384,9.5,49,37,38,3,10,1,1,1,1,1,6,0,2,0,0,38,46,40,982,24.55,0,96,1,50,3000,60,65,6,2,42,784,0,443,277,62.53,2877,6.49,18,4.06,9,2.03,64,30,161,78.93,21,175,8.33,18,36,0,446,2073,252,1821,4.08,57,19,202,26,17,8,1,0,0,0,0,0,0,37,38,3,10,0,0,38,1556,40.95,68,2,13,1,37.1,10,69,4,8
2016,FSU,234,3372,14.41,92,22,15,37,2.47,15,0,104,34,138,0,0,54,55,20,28,0,0,5,5,7,7,7,13,1,3,53,114,33,745,22.58,0,66,0,91,5823,63.99,77,57,1,33,595,0,421,244,57.96,3433,8.15,23,5.46,8,1.9,92,36,301,120.07,22,163,7.41,28,89,1,497,3077,428,2649,5.33,75,33,420,52,31,20,0,0,0,1,0,0,0,51,52,19,26,0,0,54,2177,40.31,57,2,11,0,34.4,15,279,10,3
2016,GT,71,1522,21.44,83,7,11,137,12.45,64,1,175,85,260,1,11,46,46,15,17,0,0,4,4,3,5,7,7,1,1,52,91,27,578,21.41,1,96,1,74,4676,63.19,78,55,0,19,404,0,160,84,52.5,1719,10.74,9,5.63,4,2.5,83,16,110,57.18,13,131,10.08,24,26,0,592,3571,304,3267,5.52,82,33,319,38,30,8,0,0,0,0,0,0,0,46,46,15,17,0,0,46,1990,43.26,65,5,14,1,37.3,14,138,9,4
2016,LOU,227,3544,15.61,74,31,15,228,15.2,42,1,243,150,393,10,98,68,69,19,25,1,1,11,12,5,6,2,6,0,0,47,125,40,825,20.63,0,35,0,104,6207,59.68,65,11,3,88,1835,0,436,248,56.88,3777,8.66,32,7.34,10,2.29,74,46,325,152.65,26,211,8.12,29,69,1,497,3553,432,3121,6.28,80,37,499,62,35,27,0,0,0,0,0,0,0,68,69,19,25,1,0,55,2413,43.87,60,1,16,0,40.1,19,185,9,4
2016,MIA,258,3504,13.58,77,26,8,58,7.25,46,0,203,104,307,8.5,59,53,55,21,26,0,0,6,8,5,7,9,9,1,2,51,116,21,445,21.19,0,34,0,88,5584,63.45,70,52,2,33,763,1,425,263,61.88,3564,8.39,27,6.35,7,1.65,77,25,173,133.75,21,243,11.57,32,43,1,379,2213,89,2124,5.6,80,23,386,45,21,23,0,1,0,0,0,0,0,53,55,21,26,0,0,64,2803,43.8,63,2,25,1,40.1,20,158,9,4
2016,NCST,235,3084,13.12,80,17,10,130,13,32,2,177,131,308,3,19,42,45,9,17,0,0,4,5,4,8,1,4,0,0,48,69,37,858,23.19,2,100,1,68,4180,61.47,65,16,5,47,959,0,438,263,60.05,3378,7.71,20,4.57,12,2.74,80,17,110,312.48,15,132,8.8,19,35,1,489,2277,244,2033,4.16,54,23,255,31,16,15,0,0,0,0,0,0,0,42,45,9,17,0,0,51,2104,41.25,72,5,16,1,36.2,8,121,7,6
2016,PITT,169,2636,15.6,79,28,9,182,20.22,70,3,214,89,303,5.5,38,66,69,10,17,0,0,2,2,2,3,5,9,1,3,50,96,39,1037,26.59,0,100,3,93,5727,61.58,66,26,1,66,1297,1,320,189,59.06,2882,9.01,28,8.75,9,2.81,79,10,75,79.26,17,253,14.88,26,65,1,519,3154,243,2911,5.61,77,34,446,58,29,25,3,1,0,0,0,0,0,66,69,10,17,1,0,56,2385,42.59,53,6,12,0,36.2,29,236,8,5
2016,SYR,301,3513,11.67,84,24,10,93,9.3,50,1,313,200,513,5,31,36,39,10,18,0,0,0,0,4,6,5,8,1,4,51,66,64,1293,20.2,0,68,0,55,3264,59.35,65,11,7,35,847,2,522,332,63.6,3855,7.39,24,4.6,13,2.49,84,37,203,246.03,18,313,17.39,21,74,0,427,1722,308,1414,3.31,49,14,270,34,11,23,0,0,0,0,0,0,0,36,39,10,18,0,0,77,3284,42.65,65,3,23,1,38.5,27,219,4,8
2016,UNC,288,3547,12.32,75,29,1,58,58,58,1,39,28,67,0,0,51,52,15,21,0,0,3,3,5,8,4,5,3,5,54,96,33,890,26.97,0,100,2,82,5231,63.79,71,47,1,34,775,0,458,313,68.34,3811,8.32,30,6.55,6,1.31,75,20,132,116.33,17,134,7.88,14,31,0,393,2156,246,1910,4.86,62,21,396,50,20,28,2,0,0,0,0,0,0,51,52,15,21,0,0,50,2134,42.68,63,6,16,0,40.2,9,2,8,5
2016,UVA,211,2168,10.27,82,17,9,70,7.78,30,0,192,143,335,7.5,51,29,31,5,10,0,0,3,4,2,4,0,2,0,0,36,44,37,865,23.38,1,50,0,51,3124,61.25,65,19,1,31,807,1,483,266,55.07,2872,5.95,23,4.76,16,3.31,84,35,244,47.02,22,215,9.77,18,40,0,299,1550,69,1481,4.95,44,12,201,28,11,17,0,0,0,0,0,0,0,19,19,4,8,1,0,74,3279,44.31,67,9,34,0,40.3,16,118,2,10
2016,VT,251,3338,13.3,55,26,16,40,2.5,15,0,235,215,450,10,66,58,59,20,27,0,0,12,12,6,7,1,5,0,1,47,118,44,943,21.43,0,47,0,94,6008,63.91,79,73,0,20,355,0,446,279,62.56,3666,8.22,31,6.95,8,1.79,62,32,162,175.97,42,345,8.21,28,87,1,597,2935,305,2630,4.41,69,27,432,52,20,31,0,1,0,0,0,0,0,58,59,20,27,1,0,68,2638,38.79,61,2,31,0,37.3,14,61,10,4
2016,WF,182,2113,11.61,62,9,12,213,17.75,55,2,245,111,356,10.5,93,28,28,21,27,0,0,4,4,11,12,6,10,0,1,46,91,34,647,19.03,0,80,0,63,4030,63.97,71,32,2,29,691,0,353,190,53.82,2154,6.1,9,2.55,13,3.68,62,39,251,102.7,22,70,3.18,31,29,0,504,2284,272,2012,3.99,64,17,211,20,12,6,0,0,2,0,0,0,0,28,28,21,27,0,0,72,3026,42.03,80,7,24,1,36.3,27,237,7,6
2015,BC,57,663,11.63,66,4,13,63,4.85,28,1,259,113,372,13.5,104,24,24,6,11,0,0,3,4,1,3,2,4,0,0,43,42,32,806,25.19,1,67,0,45,2631,58.47,65,9,3,33,634,1,245,110,44.9,1331,5.43,8,3.27,9,3.67,66,27,171,66.55,29,215,7.41,29,39,1,437,2208,329,1879,4.3,80,17,108,13,13,0,0,0,0,0,0,0,0,15,15,5,9,0,0,92,3838,41.72,58,6,30,0,39.8,32,53,3,9
2015,CLEM,332,4125,12.42,67,32,16,137,8.56,36,2,238,141,379,13,83,65,70,28,33,0,0,7,7,14,15,7,11,0,0,47,149,39,865,22.18,0,73,0,112,6781,60.54,65,38,1,72,1764,3,526,356,67.68,4378,8.32,35,6.65,15,2.85,67,17,92,161.6,27,78,2.89,40,16,0,647,3579,196,3383,5.23,66,33,504,61,29,32,0,0,0,0,0,0,0,57,62,27,32,0,0,67,2647,39.51,57,1,23,0,37.8,16,97,14,1
2015,DUKE,275,3017,10.97,89,18,11,57,5.18,25,0,228,167,395,4,31,42,42,26,30,0,0,7,8,11,13,4,5,4,4,53,120,38,1001,26.34,0,100,4,77,4535,58.9,65,23,1,48,942,2,509,294,57.76,3203,6.29,18,3.54,10,1.96,89,17,83,7.07,30,212,7.07,22,69,0,499,2638,151,2487,4.98,85,23,354,38,23,11,4,0,0,0,0,0,0,42,42,26,30,3,0,65,2826,43.48,71,13,31,0,38.8,14,42,8,5
2015,FSU,221,2854,12.91,75,19,8,104,13,57,0,152,101,253,12,72,49,49,21,26,1,1,9,9,6,6,4,7,1,3,51,112,25,624,24.96,0,59,0,84,5273,62.77,70,47,4,33,557,0,418,264,63.16,3325,7.95,22,5.26,9,2.15,75,26,222,120.53,33,127,3.85,27,21,0,345,2336,80,2256,6.54,94,26,358,41,24,17,0,0,0,0,0,0,0,49,49,21,26,0,0,61,2756,45.18,64,4,23,0,40.6,21,197,10,3
2015,GT,47,965,20.53,58,9,9,70,7.78,32,1,182,61,243,1,5,44,44,7,11,0,0,0,0,3,4,2,3,2,4,53,65,32,590,18.44,0,34,0,62,3925,63.31,66,41,0,19,440,1,192,81,42.19,1456,7.58,14,7.29,10,5.21,58,15,116,74,20,189,9.45,21,44,0,562,3326,313,3013,5.36,65,29,259,32,23,9,0,0,0,0,0,0,0,44,44,7,11,1,0,45,1770,39.33,59,0,14,0,37.4,13,85,3,9
2015,LOU,200,2886,14.43,57,21,17,229,13.47,59,1,265,154,419,10.5,89,46,47,15,21,1,1,4,4,8,11,1,2,1,3,50,91,31,625,20.16,1,100,1,75,4676,62.35,67,29,0,45,1028,1,408,227,55.64,3186,7.81,21,5.15,15,3.68,57,43,309,135.77,30,212,7.07,21,33,0,450,2593,355,2238,4.97,73,23,319,38,21,17,0,0,0,0,0,0,0,46,47,15,21,0,0,69,2791,40.45,66,3,28,1,38.2,12,57,8,5
2015,MIA,237,3263,13.77,67,15,15,172,11.47,48,0,196,114,310,3,28,40,40,25,30,0,0,13,14,4,6,7,7,1,3,57,115,30,575,19.17,0,91,1,77,4715,61.23,72,31,5,41,770,0,449,269,59.91,3606,8.03,18,4.01,9,2,67,19,148,90.55,22,197,8.95,13,72,1,361,1747,78,1669,4.62,60,17,277,27,15,12,0,0,0,0,0,0,0,40,40,25,30,0,0,67,2846,42.48,73,6,21,0,37.3,18,228,8,5
2015,NCST,220,2437,11.08,83,17,13,77,5.92,27,1,212,175,387,10,62,55,57,7,14,0,0,1,1,6,9,0,4,0,0,37,76,42,1055,25.12,0,100,1,74,4521,61.09,65,39,4,30,609,0,411,246,59.85,2740,6.67,20,4.87,6,1.46,83,38,221,101.1,28,363,12.96,21,52,1,520,2956,316,2640,5.08,85,36,375,50,35,14,1,0,0,0,0,0,0,54,56,7,14,0,0,66,2750,41.67,72,6,28,0,39.1,18,52,7,6
2015,PITT,180,2273,12.63,55,19,10,135,13.5,51,1,254,129,383,12,97,42,43,15,23,1,1,5,6,3,4,4,8,2,4,56,87,41,1017,24.8,0,100,2,69,4354,63.1,70,43,0,26,506,0,342,212,61.99,2478,7.25,21,6.14,9,2.63,55,29,193,175.23,19,120,6.32,13,28,1,476,2647,237,2410,5.06,71,18,279,32,13,18,0,0,0,1,0,0,0,42,43,15,23,0,0,63,2589,41.1,60,7,21,0,37.5,21,88,8,5
2015,SYR,125,1499,11.99,89,16,11,134,12.18,41,2,230,73,303,8,58,37,37,16,22,1,1,6,6,6,8,3,6,0,1,49,85,39,822,21.08,2,37,0,60,3716,61.93,65,22,1,35,766,0,307,165,53.75,1883,6.13,20,6.51,9,2.93,89,21,119,49.96,17,271,15.94,21,74,2,419,2173,255,1918,4.58,75,14,277,32,12,18,0,2,0,0,0,0,0,37,37,16,22,0,0,65,2839,43.68,64,5,28,1,39.7,14,119,4,8
2015,UNC,241,3410,14.15,89,30,17,204,12,60,0,326,234,560,3.5,25,68,68,20,23,0,0,5,5,11,12,4,6,0,0,48,128,32,663,20.72,2,43,0,103,6463,62.75,65,55,4,43,822,0,408,260,63.73,3671,9,31,7.6,10,2.45,89,17,113,202.28,23,303,13.17,15,85,2,492,3281,195,3086,6.27,67,39,537,68,38,28,0,2,0,0,0,0,0,67,67,20,23,1,0,NULL,NULL,NULL,NULL,NULL,NULL,NULL,NULL,NULL,NULL,11,3
2015,UVA,239,2683,11.23,80,20,4,8,2,8,0,106,57,163,0,0,34,35,17,22,2,2,5,6,4,4,6,10,0,0,48,85,39,689,17.67,0,54,0,62,3914,63.13,65,30,2,30,689,1,413,252,61.02,2859,6.92,21,5.08,18,4.36,80,21,127,186.13,10,160,16,17,74,1,404,1922,227,1695,4.2,71,12,217,22,7,15,0,0,0,0,0,0,0,34,35,17,22,0,0,52,2322,44.65,67,5,15,1,38.5,23,180,4,8
2015,VT,213,2822,13.25,75,24,10,12,1.2,18,1,184,116,300,6,55,44,45,23,31,0,0,2,2,8,10,13,16,0,3,48,113,34,757,22.26,0,82,0,76,4807,63.25,69,51,0,25,512,0,393,223,56.74,2936,7.47,24,6.11,14,3.56,75,33,250,105.38,32,275,8.59,18,67,2,478,2309,231,2078,4.35,63,17,328,36,16,20,0,0,0,0,0,0,0,41,42,23,30,1,0,70,3002,42.89,60,10,23,0,39.3,18,53,7,6
2015,WF,218,2597,11.91,78,13,6,46,7.67,17,0,125,83,208,3,20,24,25,11,18,0,0,5,6,5,6,1,3,0,3,47,57,24,437,18.21,2,39,0,44,2740,62.27,65,20,2,23,511,0,416,236,56.73,2739,6.58,13,3.13,18,4.33,78,40,273,37.14,24,90,3.75,22,21,0,400,1650,377,1273,3.18,70,12,183,21,10,11,0,0,0,0,0,0,0,24,25,11,18,0,0,75,3266,43.55,70,3,32,0,41.3,18,112,3,9
2014,BC,118,1508,12.78,55,12,9,86,9.56,23,0,246,133,379,8,56,35,42,12,19,1,1,5,5,2,3,4,9,0,1,44,71,35,910,26,1,95,1,67,3950,58.96,65,18,2,47,872,0,240,135,56.25,1681,7,13,5.42,10,4.17,55,21,164,128.27,16,125,7.81,30,36,0,621,3661,349,3312,5.33,71,31,281,35,26,9,0,0,0,0,0,0,0,35,42,12,19,0,0,64,2721,42.52,62,4,21,1,37.9,27,176,7,6
2014,CLEM,241,2934,12.17,74,21,12,213,17.75,60,2,256,102,358,9,84,46,48,21,28,1,1,7,8,7,9,6,10,0,0,49,109,29,544,18.76,1,30,0,80,4858,60.73,65,37,1,41,816,1,450,292,64.89,3396,7.55,23,5.11,12,2.67,74,27,196,118.6,33,204,6.18,34,72,1,500,2216,276,1940,3.88,34,19,304,33,15,18,0,0,0,0,0,0,0,43,44,21,28,0,0,76,3237,42.59,60,2,28,0,39.8,27,174,10,3
2014,DUKE,253,2753,10.88,54,22,11,159,14.45,34,2,235,162,397,10,86,50,50,19,21,1,1,8,8,5,5,5,6,0,1,49,107,36,909,25.25,0,99,1,80,4965,62.06,72,29,0,51,1186,0,472,268,56.78,2814,5.96,23,4.87,8,1.69,54,13,91,250.5,24,325,13.54,19,68,2,475,2521,141,2380,5.01,69,23,365,43,20,21,0,2,0,0,0,0,0,50,50,19,21,0,0,59,2537,43,65,8,17,0,39.7,16,33,9,4
2014,FSU,312,4002,12.83,74,24,14,156,11.14,94,2,334,213,547,7,57,55,55,27,30,0,0,9,9,9,9,6,8,3,4,53,136,49,971,19.82,1,35,0,96,6027,62.78,70,49,2,45,846,0,516,330,63.95,4247,8.23,26,5.04,20,3.88,74,23,180,126.7,17,179,10.53,28,34,0,427,2304,265,2039,4.78,56,26,418,47,23,23,0,0,0,1,0,0,0,55,55,27,30,0,0,48,1966,40.96,67,2,15,0,38.2,13,92,13,1
2014,GT,71,1335,18.8,71,14,18,328,18.22,85,5,409,176,585,8.5,56,65,66,11,18,0,0,5,5,2,7,3,4,1,2,53,98,41,892,21.76,0,68,0,87,5506,63.29,66,52,1,33,747,0,201,106,52.74,1882,9.36,19,9.45,6,2.99,79,11,65,190.03,13,98,7.54,16,46,0,781,5020,248,4772,6.11,75,47,446,58,41,17,0,0,0,0,0,0,0,65,66,11,18,0,0,NULL,NULL,NULL,NULL,NULL,NULL,NULL,NULL,NULL,NULL,11,3
2014,LOU,182,2633,14.47,74,18,26,310,11.92,65,1,251,91,342,12,72,50,50,15,19,0,0,3,3,6,8,5,7,1,1,51,95,36,758,21.06,1,97,1,79,4944,62.58,65,31,2,45,1017,0,427,237,55.5,3276,7.67,21,4.92,10,2.34,74,39,304,97.6,37,274,7.41,20,47,0,459,2237,249,1988,4.33,68,28,347,42,26,16,0,0,0,0,0,0,0,50,50,15,19,0,0,66,2655,40.23,57,4,17,1,34,30,300,9,4
2014,MIA,207,2909,14.05,79,25,10,93,9.3,46,1,226,113,339,7,50,40,44,18,24,0,0,10,11,3,5,5,6,0,2,48,94,35,704,20.11,0,41,0,77,4654,60.44,65,23,2,51,1253,1,391,227,58.06,3249,8.31,26,6.65,12,3.07,79,21,156,77.2,22,145,6.59,18,29,1,394,2605,65,2540,6.45,90,17,328,39,16,23,0,0,0,0,0,0,0,40,44,18,24,0,0,52,2227,42.83,65,1,21,0,40.5,16,101,6,7
2014,NCST,198,2325,11.74,54,20,9,77,8.56,36,0,174,106,280,3,39,46,48,12,17,1,1,3,3,2,4,6,7,0,2,48,82,36,658,18.28,0,50,0,74,4707,63.61,83,47,0,27,508,0,380,224,58.95,2652,6.98,24,6.32,6,1.58,65,29,190,200.43,15,66,4.4,25,18,0,491,2968,302,2666,5.43,75,26,318,39,24,15,0,0,0,0,0,0,0,46,48,12,17,1,0,60,2724,45.4,67,4,23,0,40.4,27,223,8,5
2014,PITT,154,2054,13.34,53,15,10,95,9.5,31,0,224,115,339,2,16,50,51,16,21,0,0,3,4,6,7,6,9,1,1,52,98,41,909,22.17,0,64,0,79,4907,62.11,75,37,5,36,716,1,306,188,61.44,2417,7.9,17,5.56,7,2.29,53,21,148,211.87,22,172,7.82,21,45,0,588,3498,233,3265,5.55,74,35,368,45,32,13,0,0,0,0,0,0,0,50,51,16,21,0,0,50,2003,40.06,51,4,21,0,37.1,14,66,6,7
2014,SYR,174,1972,11.33,51,5,8,91,11.38,42,2,168,73,241,4,34,20,21,17,23,0,0,7,8,5,7,3,6,2,2,50,71,35,637,18.2,0,31,0,46,2690,58.48,65,9,4,32,637,1,382,207,54.19,2204,5.77,6,1.57,17,4.45,51,22,164,128.13,20,167,8.35,23,27,0,362,1965,164,1801,4.98,86,9,125,9,6,3,0,0,0,0,0,0,0,20,21,17,23,0,0,75,3182,42.43,60,4,23,1,36.5,23,329,3,9
2014,UNC,296,3375,11.4,91,27,12,232,19.33,100,3,245,136,381,3,18,52,54,6,13,1,1,4,4,1,5,0,3,0,0,30,70,49,1046,21.35,1,74,0,76,4868,64.05,65,43,0,34,592,0,509,315,61.89,3619,7.11,29,5.7,13,2.55,91,28,215,454.08,38,173,4.55,10,31,0,475,2386,344,2042,4.3,52,26,348,46,24,22,0,0,0,0,0,0,0,52,54,6,13,1,0,64,2628,41.06,56,3,25,0,39.2,14,58,6,7
2014,UVA,234,2707,11.57,54,17,15,130,8.67,69,3,288,275,563,21,129,34,35,22,27,1,1,10,10,6,6,5,7,0,3,47,100,37,885,23.92,0,86,0,66,4060,61.52,65,29,4,32,602,1,430,248,57.67,2837,6.6,18,4.19,16,3.72,54,15,124,144.4,26,115,4.42,17,20,0,400,1771,101,1670,4.18,48,11,196,16,6,10,0,0,0,0,0,0,0,34,35,22,27,0,0,58,2464,42.48,62,8,15,2,34.2,24,251,5,7
2014,VT,232,2546,10.97,50,19,11,177,16.09,63,2,258,196,454,15.5,109,33,34,20,28,0,0,10,10,6,8,4,6,0,4,49,93,37,702,18.97,0,58,0,64,3841,60.02,65,15,2,46,937,0,455,271,59.56,2826,6.21,19,4.18,15,3.3,50,34,279,151.58,45,315,7,13,38,0,397,1957,91,1866,4.7,42,10,257,27,10,16,0,0,0,0,0,1,0,33,34,20,28,1,0,83,3314,39.93,60,4,22,0,37.9,29,89,7,6
2014,WF,196,1842,9.4,36,11,5,64,12.8,32,0,90,57,147,1,3,19,19,15,19,0,0,4,4,8,10,2,3,1,2,50,64,36,674,18.72,0,56,0,42,2602,61.95,65,14,3,25,515,0,385,225,58.44,2116,5.5,12,3.12,14,3.64,46,49,352,125.28,19,155,8.16,20,32,1,260,799,147,652,2.51,36,4,148,14,4,10,0,0,0,0,0,0,0,19,19,15,19,0,0,81,3535,43.64,73,0,27,0,42.5,15,89,3,9
2013,BC,112,1295,11.56,74,9,8,130,16.25,49,0,295,167,462,6,18,40,41,20,20,1,1,7,7,6,6,4,4,2,2,52,100,47,946,20.13,3,98,1,74,4747,64.15,73,51,2,21,425,0,267,164,61.42,2012,7.54,17,6.37,8,3,74,23,150,113.15,19,194,10.21,13,34,0,509,3017,251,2766,5.43,80,24,286,31,20,9,1,0,0,1,0,0,0,40,41,20,20,0,0,75,3129,41.72,67,9,22,1,36.7,28,157,7,6
2013,CLEM,289,3859,13.35,96,34,16,84,5.25,37,1,198,93,291,9,55,66,67,14,16,0,0,4,5,5,6,4,4,1,1,51,108,29,545,18.79,3,35,0,95,5759,60.62,65,40,4,48,933,0,493,341,69.17,4330,8.78,39,7.91,12,2.43,96,35,209,79.62,28,258,9.21,29,45,0,518,2579,322,2257,4.36,48,26,417,53,23,30,0,0,0,0,0,0,0,60,61,13,14,0,0,56,2205,39.38,56,0,22,0,37.8,15,87,10,2
2013,DUKE,266,3187,11.98,75,23,18,216,12,45,2,262,198,460,2,12,58,58,13,19,1,1,4,4,5,7,1,4,2,3,53,97,36,890,24.72,1,100,2,81,5017,61.94,65,23,3,54,1113,0,470,298,63.4,3474,7.39,26,5.53,19,4.04,75,17,93,97.55,29,423,14.59,19,82,2,521,2681,154,2527,4.85,56,28,433,56,27,23,2,2,2,0,0,0,0,58,58,13,19,0,0,69,2943,42.65,72,6,21,0,37.8,20,217,10,4
2013,FSU,252,4064,16.13,94,38,22,340,15.45,79,4,292,165,457,16.5,134,94,94,21,22,0,0,10,10,2,2,8,9,1,1,53,157,31,873,28.16,0,100,2,128,7754,60.58,65,47,6,70,1301,0,441,288,65.31,4423,10.03,42,9.52,13,2.95,94,33,228,136.1,34,340,10,30,28,0,484,3137,274,2863,5.92,74,41,649,82,39,41,2,0,0,0,0,0,0,94,94,21,22,0,0,42,1725,41.07,59,2,12,0,34.5,14,237,14,0
2013,GT,61,1183,19.39,72,9,14,255,18.21,95,2,306,119,425,15,99,60,61,10,14,0,0,1,1,4,6,5,7,0,0,49,90,40,881,22.03,0,59,0,83,5193,62.57,66,33,4,45,968,0,203,92,45.32,1695,8.35,12,5.91,13,6.4,72,13,82,14.48,19,158,8.32,18,25,0,692,4125,277,3848,5.56,65,46,371,48,37,11,0,0,0,0,0,0,0,53,54,10,14,0,0,45,1902,42.27,66,3,15,0,37.6,17,152,7,6
2013,LOU,302,4027,13.33,69,33,16,191,11.94,70,2,189,78,267,2,12,55,57,20,25,2,2,7,9,9,10,2,3,0,1,43,115,28,636,22.71,0,93,1,90,5398,59.98,195,17,4,68,1540,0,439,311,70.84,4082,9.3,33,7.52,4,0.91,69,26,188,185.6,27,206,7.63,14,29,1,444,2234,303,1931,4.35,77,18,418,51,16,32,1,0,1,0,0,1,0,52,54,20,24,0,0,39,1605,41.15,54,5,11,1,37.2,13,15,12,1
2013,MIA,190,3056,16.08,84,23,18,250,13.89,81,2,180,81,261,8,69,57,57,13,17,0,0,4,5,7,7,2,5,0,0,49,96,60,1505,25.08,0,95,1,83,5240,63.13,68,38,2,42,833,0,384,226,58.85,3452,8.99,25,6.51,14,3.65,84,17,147,161.33,26,305,11.73,10,79,1,382,2247,99,2148,5.62,73,25,372,46,25,19,1,1,0,0,0,0,0,57,57,13,17,0,0,53,2498,47.13,71,9,19,1,39.3,16,196,9,4
2013,NCST,225,2590,11.51,80,13,12,146,12.17,37,1,219,179,398,2,16,31,31,19,23,1,1,9,9,4,5,5,7,0,1,48,88,44,835,18.98,2,49,0,58,3528,60.83,65,29,2,26,674,1,423,249,58.87,2890,6.83,14,3.31,15,3.55,80,34,193,199.47,21,275,13.1,22,73,2,505,2324,295,2029,4.02,72,14,208,20,8,10,0,2,0,0,0,0,0,31,31,19,23,0,0,67,2824,42.15,66,7,19,0,38.2,22,122,3,9
2013,PITT,216,2841,13.15,69,18,7,79,11.29,40,0,174,86,260,1.5,4,40,41,14,18,0,0,6,7,3,5,5,6,0,0,47,82,49,1077,21.98,0,50,0,67,4018,59.97,65,13,1,53,1139,1,400,244,61,3074,7.69,21,5.25,9,2.25,69,43,361,140.65,16,169,10.56,20,56,1,355,1920,80,1840,5.18,45,16,312,38,19,18,0,1,0,0,0,0,0,40,41,14,18,1,0,70,3008,42.97,57,9,19,0,34.8,24,390,7,6
2013,SYR,196,1904,9.71,65,8,14,132,9.43,47,0,204,91,295,7,48,32,36,11,17,1,1,1,1,6,8,3,7,0,0,44,65,37,722,19.51,0,49,0,62,3551,57.27,66,12,2,45,760,0,405,242,59.75,2366,5.84,13,3.21,17,4.2,65,18,109,210.68,33,258,7.82,27,70,0,521,2722,200,2522,4.84,67,25,227,28,23,5,0,0,0,0,0,0,0,27,29,10,15,1,0,75,3161,42.15,75,6,21,0,37.6,28,222,7,6
2013,UNC,260,3239,12.46,79,24,13,95,7.31,62,1,182,104,286,9.5,81,49,51,14,19,0,0,7,7,6,7,1,5,0,0,40,91,49,1166,23.8,1,99,2,81,5073,62.63,65,23,1,57,1317,1,453,283,62.47,3606,7.96,28,6.18,11,2.43,79,21,166,381,30,544,18.13,20,86,5,429,2104,118,1986,4.63,63,17,348,43,15,21,2,5,0,0,0,0,0,46,48,14,19,1,0,65,2793,42.97,76,6,25,1,39.7,18,52,7,6
2013,UVA,250,2304,9.22,54,9,10,38,3.8,21,0,91,52,143,1,1,24,25,15,19,1,1,6,6,6,7,1,4,1,1,53,69,54,1003,18.57,1,48,0,52,3201,61.56,65,17,0,35,783,0,502,277,55.18,2542,5.06,9,1.79,17,3.39,54,24,187,90.35,33,235,7.12,26,45,0,460,2138,226,1912,4.16,61,18,177,18,14,4,0,0,0,0,0,0,0,24,25,15,19,0,0,85,3500,41.18,77,7,23,0,36.9,21,222,2,10
2013,VT,227,2961,13.04,83,16,19,94,4.95,37,1,209,125,334,8,62,32,34,15,26,0,0,4,5,6,11,4,8,1,2,56,77,33,690,20.91,0,88,0,60,3707,61.78,65,17,0,43,899,1,432,243,56.25,3071,7.11,16,3.7,15,3.47,83,32,243,127.43,44,206,4.68,11,43,1,459,1844,292,1552,3.38,77,17,206,25,14,10,0,0,0,1,0,0,0,24,26,10,16,1,0,78,3442,44.13,64,8,24,0,37.2,33,384,8,5
2013,WF,189,2119,11.21,66,12,10,121,12.1,49,0,227,107,334,1.5,7,26,26,8,12,0,0,3,4,4,5,0,1,1,2,51,50,21,366,17.43,0,43,0,47,2917,62.06,72,9,0,37,844,1,412,219,53.16,2359,5.73,14,3.4,14,3.4,66,23,176,96.83,21,126,6,15,23,0,362,1374,293,1081,2.99,28,11,146,16,9,7,0,0,0,0,0,0,0,26,26,8,12,0,0,86,3416,39.72,59,6,23,0,36.4,20,169,4,8
2012,BC,225,2822,12.54,NULL,17,10,80,8,NULL,0,197,135,332,0,0,24,24,18,20,NULL,NULL,NULL,NULL,NULL,NULL,NULL,NULL,NULL,NULL,NULL,78,49,859,17.53,NULL,NULL,0,NULL,NULL,NULL,NULL,NULL,NULL,NULL,NULL,NULL,472,256,54.24,3107,6.58,18,3.81,13,2.75,NULL,NULL,NULL,157.03,13,282,21.69,NULL,NULL,1,275,1375,84,1291,4.69,NULL,7,188,18,5,12,0,1,0,0,0,0,0,24,24,18,20,1,0,57,2394,42,NULL,NULL,NULL,0,NULL,NULL,NULL,2,10
2012,CLEM,299,4021,13.45,NULL,39,13,136,10.46,NULL,1,261,156,417,14,99,60,62,19,22,NULL,NULL,NULL,NULL,NULL,NULL,NULL,NULL,NULL,NULL,NULL,117,35,717,20.49,NULL,NULL,0,NULL,NULL,NULL,NULL,NULL,NULL,NULL,NULL,NULL,473,318,67.23,4181,8.84,40,8.46,14,2.96,NULL,NULL,NULL,160.87,23,99,4.3,NULL,NULL,0,566,2788,314,2474,4.37,NULL,26,477,60,24,36,0,0,0,0,0,0,0,57,59,18,19,3,0,48,1880,39.17,NULL,NULL,NULL,0,NULL,NULL,NULL,11,2
2012,DUKE,341,3574,10.48,NULL,26,11,86,7.82,NULL,2,235,201,436,7.5,52,46,47,20,23,NULL,NULL,NULL,NULL,NULL,NULL,NULL,NULL,NULL,NULL,NULL,106,57,1043,18.3,NULL,NULL,0,NULL,NULL,NULL,NULL,NULL,NULL,NULL,NULL,NULL,550,352,64,3691,6.71,27,4.91,12,2.18,NULL,NULL,NULL,140.7,23,359,15.61,NULL,NULL,2,384,1761,59,1702,4.43,NULL,17,358,42,17,23,0,0,1,0,1,0,0,46,47,20,23,0,0,67,2991,44.64,NULL,NULL,NULL,0,NULL,NULL,NULL,6,7
2012,FSU,277,3599,12.99,NULL,23,11,172,15.64,NULL,0,152,71,223,0,0,65,66,25,30,NULL,NULL,NULL,NULL,NULL,NULL,NULL,NULL,NULL,NULL,NULL,140,31,764,24.65,NULL,NULL,0,NULL,NULL,NULL,NULL,NULL,NULL,NULL,NULL,NULL,426,288,67.61,3714,8.72,24,5.63,10,2.35,NULL,NULL,NULL,163.2,37,536,14.49,NULL,NULL,3,501,3207,299,2908,5.8,NULL,40,532,65,40,23,0,2,0,0,0,0,0,65,66,25,30,1,0,47,1798,38.26,NULL,NULL,NULL,0,NULL,NULL,NULL,12,2
2012,GT,61,993,16.28,NULL,7,15,132,8.8,NULL,1,339,209,548,17,107,57,60,11,18,NULL,NULL,NULL,NULL,NULL,NULL,NULL,NULL,NULL,NULL,NULL,90,44,1050,23.86,NULL,NULL,2,NULL,NULL,NULL,NULL,NULL,NULL,NULL,NULL,NULL,192,102,53.13,1818,9.47,12,6.25,8,4.17,NULL,NULL,NULL,24.48,20,252,12.6,NULL,NULL,0,796,4640,261,4379,5.5,NULL,48,402,53,45,8,0,0,0,0,0,0,0,55,57,9,14,1,0,NULL,NULL,NULL,NULL,NULL,NULL,NULL,NULL,NULL,NULL,7,7
2012,LOU,302,3819,12.65,NULL,27,11,89,8.09,NULL,1,280,227,507,8,64,41,45,18,23,NULL,NULL,NULL,NULL,NULL,NULL,NULL,NULL,NULL,NULL,NULL,95,35,606,17.31,NULL,NULL,0,NULL,NULL,NULL,NULL,NULL,NULL,NULL,NULL,NULL,453,307,67.77,3849,8.5,27,5.96,8,1.77,NULL,NULL,NULL,125.85,21,113,5.38,NULL,NULL,0,447,1974,351,1623,3.63,NULL,23,401,51,23,27,0,0,1,0,0,0,0,41,45,18,23,0,0,NULL,NULL,NULL,NULL,NULL,NULL,NULL,NULL,NULL,NULL,11,2
2012,MIA,242,3332,13.77,NULL,22,11,123,11.18,NULL,1,264,136,400,2,16,42,42,19,25,NULL,NULL,NULL,NULL,NULL,NULL,NULL,NULL,NULL,NULL,NULL,99,44,1242,28.23,NULL,NULL,2,NULL,NULL,NULL,NULL,NULL,NULL,NULL,NULL,NULL,447,264,59.06,3545,7.93,23,5.15,7,1.57,NULL,NULL,NULL,183.34,17,118,6.94,NULL,NULL,0,359,1902,171,1731,4.82,NULL,19,335,39,18,19,2,0,0,0,0,0,0,42,42,19,25,1,0,54,2187,40.5,NULL,NULL,NULL,0,NULL,NULL,NULL,7,5
2012,NCST,315,3887,12.34,NULL,31,16,192,12,NULL,1,279,151,430,3,11,44,46,13,23,NULL,NULL,NULL,NULL,NULL,NULL,NULL,NULL,NULL,NULL,NULL,83,52,1219,23.44,NULL,NULL,2,NULL,NULL,NULL,NULL,NULL,NULL,NULL,NULL,NULL,565,330,58.41,4031,7.13,31,5.49,17,3.01,NULL,NULL,NULL,65.35,32,319,9.97,NULL,NULL,1,402,1749,91,1658,4.12,NULL,10,311,38,10,25,2,1,0,0,0,0,0,44,46,13,23,0,0,74,2882,38.95,NULL,NULL,NULL,0,NULL,NULL,NULL,7,6
2012,PITT,258,3341,12.95,NULL,21,15,158,10.53,NULL,0,259,146,405,2.5,15,40,40,20,27,NULL,NULL,NULL,NULL,NULL,NULL,NULL,NULL,NULL,NULL,NULL,100,41,939,22.9,NULL,NULL,0,NULL,NULL,NULL,NULL,NULL,NULL,NULL,NULL,NULL,395,258,65.32,3341,8.46,21,5.32,3,0.76,NULL,NULL,NULL,237.05,22,226,10.27,NULL,NULL,1,481,2144,390,1754,3.65,NULL,19,322,37,18,19,0,0,0,0,0,0,0,40,40,20,27,0,0,61,2548,41.77,NULL,NULL,NULL,0,NULL,NULL,NULL,6,7
2012,SYR,294,3754,12.77,NULL,25,9,106,11.78,NULL,1,267,126,393,5.5,36,43,43,15,23,NULL,NULL,NULL,NULL,NULL,NULL,NULL,NULL,NULL,NULL,NULL,88,39,735,18.85,NULL,NULL,0,NULL,NULL,NULL,NULL,NULL,NULL,NULL,NULL,NULL,472,295,62.5,3757,7.96,26,5.51,10,2.12,NULL,NULL,NULL,155.25,26,129,4.96,NULL,NULL,0,543,2650,195,2455,4.52,NULL,21,386,49,21,26,0,0,1,1,0,0,0,43,43,15,23,2,0,53,2035,38.4,NULL,NULL,NULL,0,NULL,NULL,NULL,8,5
2012,UNC,271,3338,12.32,NULL,28,16,180,11.25,NULL,2,226,134,360,3.5,20,56,56,17,22,NULL,NULL,NULL,NULL,NULL,NULL,NULL,NULL,NULL,NULL,NULL,107,49,1139,23.24,NULL,NULL,1,NULL,NULL,NULL,NULL,NULL,NULL,NULL,NULL,NULL,440,287,65.23,3501,7.96,29,6.59,7,1.59,NULL,NULL,NULL,181,35,496,14.17,NULL,NULL,2,443,2538,179,2359,5.33,NULL,28,451,57,27,26,1,2,0,1,0,0,0,56,56,17,22,1,0,50,2152,43.04,NULL,NULL,NULL,0,NULL,NULL,NULL,8,4
2012,UVA,252,2933,11.64,NULL,18,4,77,19.25,NULL,0,84,69,153,2,18,32,32,11,17,NULL,NULL,NULL,NULL,NULL,NULL,NULL,NULL,NULL,NULL,NULL,65,55,1152,20.95,NULL,NULL,0,NULL,NULL,NULL,NULL,NULL,NULL,NULL,NULL,NULL,473,276,58.35,3216,6.8,23,4.86,15,3.17,NULL,NULL,NULL,127.3,23,89,3.87,NULL,NULL,0,413,1826,287,1539,3.73,NULL,10,197,22,5,17,0,0,0,0,0,0,0,32,32,11,17,0,0,66,2677,40.56,NULL,NULL,NULL,0,NULL,NULL,NULL,4,8
2012,VT,195,2845,14.59,NULL,17,13,100,7.69,NULL,0,155,69,224,1,8,34,36,20,25,NULL,NULL,NULL,NULL,NULL,NULL,NULL,NULL,NULL,NULL,NULL,94,45,1082,24.04,NULL,NULL,1,NULL,NULL,NULL,NULL,NULL,NULL,NULL,NULL,NULL,436,224,51.38,3002,6.89,18,4.13,17,3.9,NULL,NULL,NULL,6.33,35,384,10.97,NULL,NULL,1,490,2265,313,1952,3.98,NULL,18,276,30,15,15,0,0,0,0,0,0,0,34,36,20,25,1,0,79,3204,40.56,NULL,NULL,NULL,0,NULL,NULL,NULL,7,6
2012,WF,229,2373,10.36,NULL,13,11,45,4.09,NULL,1,241,187,428,6.5,39,27,28,5,9,NULL,NULL,NULL,NULL,NULL,NULL,NULL,NULL,NULL,NULL,NULL,42,39,644,16.51,NULL,NULL,0,NULL,NULL,NULL,NULL,NULL,NULL,NULL,NULL,NULL,426,238,55.87,2412,5.66,13,3.05,7,1.64,NULL,NULL,NULL,236.36,16,156,9.75,NULL,NULL,0,300,1347,86,1261,4.2,NULL,12,198,26,13,13,0,0,0,0,0,0,0,27,28,5,9,0,0,95,3867,40.71,NULL,NULL,NULL,0,NULL,NULL,NULL,5,7
2011,BC,156,1871,11.99,NULL,12,13,128,9.85,NULL,1,282,231,513,5.5,30,26,27,10,16,NULL,NULL,NULL,NULL,NULL,NULL,NULL,NULL,NULL,NULL,NULL,56,46,921,20.02,NULL,NULL,0,NULL,NULL,NULL,NULL,NULL,NULL,NULL,NULL,NULL,322,173,53.73,2014,6.25,12,3.73,10,3.11,NULL,NULL,NULL,124.5,15,78,5.2,NULL,NULL,0,383,1766,93,1673,4.37,NULL,11,NULL,NULL,NULL,NULL,NULL,NULL,NULL,NULL,NULL,NULL,NULL,NULL,NULL,NULL,NULL,NULL,NULL,69,2657,38.51,NULL,NULL,NULL,0,NULL,NULL,NULL,4,8
2011,CLEM,295,3827,12.97,NULL,33,14,270,19.29,NULL,1,298,149,447,5,37,52,53,22,27,NULL,NULL,NULL,NULL,NULL,NULL,NULL,NULL,NULL,NULL,NULL,118,62,1407,22.69,NULL,NULL,1,NULL,NULL,NULL,NULL,NULL,NULL,NULL,NULL,NULL,524,311,59.35,3952,7.54,33,6.3,12,2.29,NULL,NULL,NULL,83.98,13,90,6.92,NULL,NULL,0,511,2591,321,2270,4.44,NULL,21,NULL,NULL,NULL,NULL,NULL,NULL,NULL,NULL,NULL,NULL,NULL,NULL,NULL,NULL,NULL,NULL,NULL,65,2717,41.8,NULL,NULL,NULL,0,NULL,NULL,NULL,10,4
2011,DUKE,306,3198,10.45,NULL,15,6,158,26.33,NULL,1,167,137,304,0,0,33,33,9,20,NULL,NULL,NULL,NULL,NULL,NULL,NULL,NULL,NULL,NULL,NULL,60,63,1286,20.41,NULL,NULL,0,NULL,NULL,NULL,NULL,NULL,NULL,NULL,NULL,NULL,492,315,64.02,3266,6.64,15,3.05,12,2.44,NULL,NULL,NULL,168.88,25,226,9.04,NULL,NULL,0,288,1269,54,1215,4.22,NULL,14,NULL,NULL,NULL,NULL,NULL,NULL,NULL,NULL,NULL,NULL,NULL,NULL,NULL,NULL,NULL,NULL,NULL,50,2104,42.08,NULL,NULL,NULL,0,NULL,NULL,NULL,3,9
2011,FSU,229,3224,14.08,NULL,23,16,189,11.81,NULL,1,345,155,500,18,129,44,44,22,27,NULL,NULL,NULL,NULL,NULL,NULL,NULL,NULL,NULL,NULL,NULL,110,30,795,26.5,NULL,NULL,0,NULL,NULL,NULL,NULL,NULL,NULL,NULL,NULL,NULL,383,247,64.49,3341,8.72,25,6.53,12,3.13,NULL,NULL,NULL,156,40,417,10.43,NULL,NULL,1,416,1846,326,1520,3.65,NULL,19,NULL,NULL,NULL,NULL,NULL,NULL,NULL,NULL,NULL,NULL,NULL,NULL,NULL,NULL,NULL,NULL,NULL,57,2681,47.04,NULL,NULL,NULL,0,NULL,NULL,NULL,9,4
2011,GT,66,1528,23.15,NULL,9,13,179,13.77,NULL,3,208,153,361,9,64,57,57,11,18,NULL,NULL,NULL,NULL,NULL,NULL,NULL,NULL,NULL,NULL,NULL,90,42,807,19.21,NULL,NULL,0,NULL,NULL,NULL,NULL,NULL,NULL,NULL,NULL,NULL,163,82,50.31,1850,11.35,11,6.75,8,4.91,NULL,NULL,NULL,120.23,14,141,10.07,NULL,NULL,0,706,4341,217,4124,5.84,NULL,44,NULL,NULL,NULL,NULL,NULL,NULL,NULL,NULL,NULL,NULL,NULL,NULL,NULL,NULL,NULL,NULL,NULL,36,1429,39.69,NULL,NULL,NULL,0,NULL,NULL,NULL,8,5
2011,LOU,242,2749,11.36,NULL,19,10,115,11.5,NULL,1,338,163,501,11,89,33,35,12,18,NULL,NULL,NULL,NULL,NULL,NULL,NULL,NULL,NULL,NULL,NULL,69,45,1085,24.11,NULL,NULL,1,NULL,NULL,NULL,NULL,NULL,NULL,NULL,NULL,NULL,381,243,63.78,2749,7.22,19,4.99,13,3.41,NULL,NULL,NULL,91.2,19,94,4.95,NULL,NULL,0,458,1988,392,1596,3.48,NULL,13,NULL,NULL,NULL,NULL,NULL,NULL,NULL,NULL,NULL,NULL,NULL,NULL,NULL,NULL,NULL,NULL,NULL,45,1726,38.36,NULL,NULL,NULL,0,NULL,NULL,NULL,7,6
2011,MIA,210,2695,12.83,NULL,21,6,74,12.33,NULL,1,133,84,217,1,8,39,39,11,14,NULL,NULL,NULL,NULL,NULL,NULL,NULL,NULL,NULL,NULL,NULL,72,42,915,21.79,NULL,NULL,0,NULL,NULL,NULL,NULL,NULL,NULL,NULL,NULL,NULL,338,222,65.68,2785,8.24,21,6.21,11,3.25,NULL,NULL,NULL,279.57,11,121,11,NULL,NULL,0,382,1976,219,1757,4.6,NULL,17,NULL,NULL,NULL,NULL,NULL,NULL,NULL,NULL,NULL,NULL,NULL,NULL,NULL,NULL,NULL,NULL,NULL,48,2051,42.73,NULL,NULL,NULL,0,NULL,NULL,NULL,6,6
2011,NCST,277,3029,10.94,NULL,29,26,382,14.69,NULL,3,243,169,412,12,82,46,47,11,16,NULL,NULL,NULL,NULL,NULL,NULL,NULL,NULL,NULL,NULL,NULL,79,52,1121,21.56,NULL,NULL,0,NULL,NULL,NULL,NULL,NULL,NULL,NULL,NULL,NULL,466,291,62.45,3120,6.7,32,6.87,12,2.58,NULL,NULL,NULL,133,19,208,10.95,NULL,NULL,1,383,1597,54,1543,4.03,NULL,9,NULL,NULL,NULL,NULL,NULL,NULL,NULL,NULL,NULL,NULL,NULL,NULL,NULL,NULL,NULL,NULL,NULL,65,2438,37.51,NULL,NULL,NULL,0,NULL,NULL,NULL,8,5
2011,PITT,259,2728,10.53,NULL,12,7,118,16.86,NULL,0,268,163,431,22,147,32,33,21,31,NULL,NULL,NULL,NULL,NULL,NULL,NULL,NULL,NULL,NULL,NULL,95,51,1117,21.9,NULL,NULL,1,NULL,NULL,NULL,NULL,NULL,NULL,NULL,NULL,NULL,426,263,61.74,2727,6.4,12,2.82,14,3.29,NULL,NULL,NULL,130.92,27,165,6.11,NULL,NULL,1,511,2372,522,1850,3.62,NULL,21,NULL,NULL,NULL,NULL,NULL,NULL,NULL,NULL,NULL,NULL,NULL,NULL,NULL,NULL,NULL,NULL,NULL,62,2554,41.19,NULL,NULL,NULL,0,NULL,NULL,NULL,6,7
2011,SYR,258,2721,10.55,NULL,23,10,95,9.5,NULL,0,203,90,293,10,67,33,34,15,19,NULL,NULL,NULL,NULL,NULL,NULL,NULL,NULL,NULL,NULL,NULL,78,59,1336,22.64,NULL,NULL,1,NULL,NULL,NULL,NULL,NULL,NULL,NULL,NULL,NULL,418,261,62.44,2733,6.54,23,5.5,9,2.15,NULL,NULL,NULL,265.78,12,37,3.08,NULL,NULL,0,391,1693,219,1474,3.77,NULL,10,NULL,NULL,NULL,NULL,NULL,NULL,NULL,NULL,NULL,NULL,NULL,NULL,NULL,NULL,NULL,NULL,NULL,43,1690,39.3,NULL,NULL,NULL,0,NULL,NULL,NULL,5,7
2011,UNC,226,3050,13.5,NULL,25,14,55,3.93,NULL,0,267,189,456,9,67,49,49,7,11,NULL,NULL,NULL,NULL,NULL,NULL,NULL,NULL,NULL,NULL,NULL,70,59,1365,23.14,NULL,NULL,1,NULL,NULL,NULL,NULL,NULL,NULL,NULL,NULL,NULL,370,249,67.3,3307,8.94,26,7.03,14,3.78,NULL,NULL,NULL,175.68,16,78,4.88,NULL,NULL,0,380,2002,104,1898,4.99,NULL,21,NULL,NULL,NULL,NULL,NULL,NULL,NULL,NULL,NULL,NULL,NULL,NULL,NULL,NULL,NULL,NULL,NULL,51,1999,39.2,NULL,NULL,NULL,0,NULL,NULL,NULL,7,6
2011,UVA,238,2967,12.47,NULL,14,12,100,8.33,NULL,1,161,93,254,1.5,13,32,32,16,23,NULL,NULL,NULL,NULL,NULL,NULL,NULL,NULL,NULL,NULL,NULL,80,52,1138,21.88,NULL,NULL,0,NULL,NULL,NULL,NULL,NULL,NULL,NULL,NULL,NULL,443,255,57.56,3090,6.98,17,3.84,16,3.61,NULL,NULL,NULL,300.38,24,150,6.25,NULL,NULL,0,488,2367,255,2112,4.33,NULL,18,NULL,NULL,NULL,NULL,NULL,NULL,NULL,NULL,NULL,NULL,NULL,NULL,NULL,NULL,NULL,NULL,NULL,62,2442,39.39,NULL,NULL,NULL,0,NULL,NULL,NULL,8,5
2011,VT,224,2985,13.33,NULL,19,15,204,13.6,NULL,0,265,247,512,16,133,45,46,18,25,NULL,NULL,NULL,NULL,NULL,NULL,NULL,NULL,NULL,NULL,NULL,99,47,941,20.02,NULL,NULL,0,NULL,NULL,NULL,NULL,NULL,NULL,NULL,NULL,NULL,404,243,60.15,3166,7.84,21,5.2,10,2.48,NULL,NULL,NULL,177.2,27,343,12.7,NULL,NULL,1,566,2976,344,2632,4.65,NULL,26,NULL,NULL,NULL,NULL,NULL,NULL,NULL,NULL,NULL,NULL,NULL,NULL,NULL,NULL,NULL,NULL,NULL,NULL,NULL,NULL,NULL,NULL,NULL,NULL,NULL,NULL,NULL,11,3
2011,WF,252,3126,12.4,NULL,22,13,241,18.54,NULL,0,205,109,314,1.5,10,39,41,17,22,NULL,NULL,NULL,NULL,NULL,NULL,NULL,NULL,NULL,NULL,NULL,90,61,1195,19.59,NULL,NULL,0,NULL,NULL,NULL,NULL,NULL,NULL,NULL,NULL,NULL,456,277,60.75,3294,7.22,22,4.82,8,1.75,NULL,NULL,NULL,159.37,20,148,7.4,NULL,NULL,1,368,1720,123,1597,4.34,NULL,17,NULL,NULL,NULL,NULL,NULL,NULL,NULL,NULL,NULL,NULL,NULL,NULL,NULL,NULL,NULL,NULL,NULL,70,2780,39.71,NULL,NULL,NULL,0,NULL,NULL,NULL,6,7
2010,BC,164,2104,12.83,NULL,12,20,313,15.65,NULL,2,315,152,467,7.5,41,24,25,22,25,NULL,NULL,NULL,NULL,NULL,NULL,NULL,NULL,NULL,NULL,NULL,90,54,983,18.2,NULL,NULL,0,NULL,NULL,NULL,NULL,NULL,NULL,NULL,NULL,NULL,350,180,51.43,2225,6.36,13,3.71,19,5.43,NULL,NULL,NULL,80.45,25,114,4.56,NULL,NULL,0,392,1905,58,1847,4.71,NULL,10,NULL,NULL,NULL,NULL,NULL,NULL,NULL,NULL,NULL,NULL,NULL,NULL,NULL,NULL,NULL,NULL,NULL,79,3282,41.54,NULL,NULL,NULL,0,NULL,NULL,NULL,7,6
2010,CLEM,214,2301,10.75,NULL,14,15,189,12.6,NULL,2,264,163,427,16.5,115,36,37,14,24,NULL,NULL,NULL,NULL,NULL,NULL,NULL,NULL,NULL,NULL,NULL,78,45,1018,22.62,NULL,NULL,1,NULL,NULL,NULL,NULL,NULL,NULL,NULL,NULL,NULL,408,230,56.37,2543,6.23,17,4.17,14,3.43,NULL,NULL,NULL,110.55,30,331,11.03,NULL,NULL,0,439,2077,255,1822,4.15,NULL,19,NULL,NULL,NULL,NULL,NULL,NULL,NULL,NULL,NULL,NULL,NULL,NULL,NULL,NULL,NULL,NULL,NULL,60,2563,42.72,NULL,NULL,NULL,0,NULL,NULL,NULL,6,7
2010,DUKE,269,3055,11.36,NULL,14,8,63,7.88,NULL,0,213,243,456,1,7,32,32,21,24,NULL,NULL,NULL,NULL,NULL,NULL,NULL,NULL,NULL,NULL,NULL,95,68,1419,20.87,NULL,NULL,0,NULL,NULL,NULL,NULL,NULL,NULL,NULL,NULL,NULL,488,295,60.45,3256,6.67,14,2.87,19,3.89,NULL,NULL,NULL,48.93,23,188,8.17,NULL,NULL,0,322,1478,79,1399,4.34,NULL,14,NULL,NULL,NULL,NULL,NULL,NULL,NULL,NULL,NULL,NULL,NULL,NULL,NULL,NULL,NULL,NULL,NULL,55,2262,41.13,NULL,NULL,NULL,0,NULL,NULL,NULL,3,9
2010,FSU,230,2756,11.98,NULL,22,15,185,12.33,NULL,1,310,141,451,4.5,26,53,53,22,28,NULL,NULL,NULL,NULL,NULL,NULL,NULL,NULL,NULL,NULL,NULL,119,57,1169,20.51,NULL,NULL,0,NULL,NULL,NULL,NULL,NULL,NULL,NULL,NULL,NULL,394,250,63.45,2938,7.46,24,6.09,13,3.3,NULL,NULL,NULL,116.55,32,318,9.94,NULL,NULL,1,487,2756,325,2431,4.99,NULL,27,NULL,NULL,NULL,NULL,NULL,NULL,NULL,NULL,NULL,NULL,NULL,NULL,NULL,NULL,NULL,NULL,NULL,50,2214,44.28,NULL,NULL,NULL,0,NULL,NULL,NULL,10,4
2010,GT,36,549,15.25,NULL,4,8,214,26.75,NULL,2,171,127,298,1,10,37,38,15,17,NULL,NULL,NULL,NULL,NULL,NULL,NULL,NULL,NULL,NULL,NULL,82,53,1057,19.94,NULL,NULL,0,NULL,NULL,NULL,NULL,NULL,NULL,NULL,NULL,NULL,166,64,38.55,1091,6.57,9,5.42,7,4.22,NULL,NULL,NULL,102.4,23,134,5.83,NULL,NULL,0,749,4522,310,4212,5.62,NULL,31,NULL,NULL,NULL,NULL,NULL,NULL,NULL,NULL,NULL,NULL,NULL,NULL,NULL,NULL,NULL,NULL,NULL,NULL,NULL,NULL,NULL,NULL,NULL,NULL,NULL,NULL,NULL,6,7
2010,LOU,213,2462,11.56,NULL,22,9,104,11.56,NULL,1,243,77,320,14.5,105,40,40,18,25,NULL,NULL,NULL,NULL,NULL,NULL,NULL,NULL,NULL,NULL,NULL,94,44,1147,26.07,NULL,NULL,1,NULL,NULL,NULL,NULL,NULL,NULL,NULL,NULL,NULL,363,217,59.78,2522,6.95,22,6.06,8,2.2,NULL,NULL,NULL,104.98,23,290,12.61,NULL,NULL,1,462,2562,252,2310,5,NULL,17,NULL,NULL,NULL,NULL,NULL,NULL,NULL,NULL,NULL,NULL,NULL,NULL,NULL,NULL,NULL,NULL,NULL,37,1497,40.46,NULL,NULL,NULL,0,NULL,NULL,NULL,7,6
2010,MIA,213,2856,13.41,NULL,19,16,155,9.69,NULL,2,266,241,507,8,34,37,40,13,17,NULL,NULL,NULL,NULL,NULL,NULL,NULL,NULL,NULL,NULL,NULL,76,43,865,20.12,NULL,NULL,1,NULL,NULL,NULL,NULL,NULL,NULL,NULL,NULL,NULL,443,240,54.18,3105,7.01,21,4.74,27,6.09,NULL,NULL,NULL,69.26,34,154,4.53,NULL,NULL,1,477,2631,227,2404,5.04,NULL,19,NULL,NULL,NULL,NULL,NULL,NULL,NULL,NULL,NULL,NULL,NULL,NULL,NULL,NULL,NULL,NULL,NULL,59,2597,44.02,NULL,NULL,NULL,0,NULL,NULL,NULL,7,6
2010,NCST,304,3526,11.6,NULL,27,9,164,18.22,NULL,2,254,191,445,14.5,105,49,50,21,27,NULL,NULL,NULL,NULL,NULL,NULL,NULL,NULL,NULL,NULL,NULL,112,45,855,19,NULL,NULL,0,NULL,NULL,NULL,NULL,NULL,NULL,NULL,NULL,NULL,542,319,58.86,3655,6.74,28,5.17,14,2.58,NULL,NULL,NULL,135.3,22,205,9.32,NULL,NULL,2,446,1908,279,1629,3.65,NULL,17,NULL,NULL,NULL,NULL,NULL,NULL,NULL,NULL,NULL,NULL,NULL,NULL,NULL,NULL,NULL,NULL,NULL,33,1233,37.36,NULL,NULL,NULL,0,NULL,NULL,NULL,9,4
2010,PITT,230,2616,11.37,NULL,16,13,126,9.69,NULL,1,264,137,401,9.5,68,30,32,18,19,NULL,NULL,NULL,NULL,NULL,NULL,NULL,NULL,NULL,NULL,NULL,84,51,1040,20.39,NULL,NULL,0,NULL,NULL,NULL,NULL,NULL,NULL,NULL,NULL,NULL,357,230,64.43,2616,7.33,16,4.48,11,3.08,NULL,NULL,NULL,98.9,28,344,12.29,NULL,NULL,0,467,2434,262,2172,4.65,NULL,24,NULL,NULL,NULL,NULL,NULL,NULL,NULL,NULL,NULL,NULL,NULL,NULL,NULL,NULL,NULL,NULL,NULL,45,2014,44.76,NULL,NULL,NULL,0,NULL,NULL,NULL,8,5
2010,SYR,205,2375,11.59,NULL,19,9,211,23.44,NULL,0,300,157,457,8.5,58,41,43,14,18,NULL,NULL,NULL,NULL,NULL,NULL,NULL,NULL,NULL,NULL,NULL,83,48,1079,22.48,NULL,NULL,0,NULL,NULL,NULL,NULL,NULL,NULL,NULL,NULL,NULL,364,205,56.32,2375,6.52,19,5.22,8,2.2,NULL,NULL,NULL,84.37,32,294,9.19,NULL,NULL,0,438,2157,316,1841,4.2,NULL,13,NULL,NULL,NULL,NULL,NULL,NULL,NULL,NULL,NULL,NULL,NULL,NULL,NULL,NULL,NULL,NULL,NULL,64,2806,43.84,NULL,NULL,NULL,0,NULL,NULL,NULL,8,5
2010,UNC,272,3338,12.27,NULL,17,19,287,15.11,NULL,2,285,180,465,7,48,38,38,19,22,NULL,NULL,NULL,NULL,NULL,NULL,NULL,NULL,NULL,NULL,NULL,95,45,917,20.38,NULL,NULL,0,NULL,NULL,NULL,NULL,NULL,NULL,NULL,NULL,NULL,424,283,66.75,3432,8.09,19,4.48,9,2.12,NULL,NULL,NULL,127.15,15,128,8.53,NULL,NULL,0,350,1874,88,1786,5.1,NULL,15,NULL,NULL,NULL,NULL,NULL,NULL,NULL,NULL,NULL,NULL,NULL,NULL,NULL,NULL,NULL,NULL,NULL,46,1725,37.5,NULL,NULL,NULL,0,NULL,NULL,NULL,8,5
2010,UVA,242,2970,12.27,NULL,16,11,165,15,NULL,0,101,109,210,3.5,29,37,37,11,18,NULL,NULL,NULL,NULL,NULL,NULL,NULL,NULL,NULL,NULL,NULL,70,50,1107,22.14,NULL,NULL,2,NULL,NULL,NULL,NULL,NULL,NULL,NULL,NULL,NULL,441,262,59.41,3186,7.22,20,4.54,17,3.85,NULL,NULL,NULL,299.24,20,133,6.65,NULL,NULL,0,362,1776,58,1718,4.75,NULL,17,NULL,NULL,NULL,NULL,NULL,NULL,NULL,NULL,NULL,NULL,NULL,NULL,NULL,NULL,NULL,NULL,NULL,49,2066,42.16,NULL,NULL,NULL,0,NULL,NULL,NULL,4,8
2010,VT,186,2759,14.83,NULL,23,23,364,15.83,NULL,2,207,96,303,0,0,53,56,21,22,NULL,NULL,NULL,NULL,NULL,NULL,NULL,NULL,NULL,NULL,NULL,116,50,1136,22.72,NULL,NULL,2,NULL,NULL,NULL,NULL,NULL,NULL,NULL,NULL,NULL,341,200,58.65,2850,8.36,24,7.04,5,1.47,NULL,NULL,NULL,117.75,21,261,12.43,NULL,NULL,1,559,3189,379,2810,5.03,NULL,30,NULL,NULL,NULL,NULL,NULL,NULL,NULL,NULL,NULL,NULL,NULL,NULL,NULL,NULL,NULL,NULL,NULL,60,2639,43.98,NULL,NULL,NULL,0,NULL,NULL,NULL,11,3
2010,WF,146,1565,10.72,NULL,8,11,113,10.27,NULL,1,170,113,283,1,6,31,31,12,13,NULL,NULL,NULL,NULL,NULL,NULL,NULL,NULL,NULL,NULL,NULL,67,69,1420,20.58,NULL,NULL,0,NULL,NULL,NULL,NULL,NULL,NULL,NULL,NULL,NULL,302,166,54.97,1726,5.72,9,2.98,10,3.31,NULL,NULL,NULL,156.47,14,133,9.5,NULL,NULL,0,452,2263,352,1911,4.23,NULL,23,NULL,NULL,NULL,NULL,NULL,NULL,NULL,NULL,NULL,NULL,NULL,NULL,NULL,NULL,NULL,NULL,NULL,71,2633,37.08,NULL,NULL,NULL,0,NULL,NULL,NULL,3,9
2009,BC,148,2099,14.18,NULL,17,15,155,10.33,NULL,1,330,185,515,8,56,39,40,13,14,NULL,NULL,NULL,NULL,NULL,NULL,NULL,NULL,NULL,NULL,NULL,78,44,932,21.18,NULL,NULL,0,NULL,NULL,NULL,NULL,NULL,NULL,NULL,NULL,NULL,351,177,50.43,2431,6.93,21,5.98,18,5.13,NULL,NULL,NULL,111.23,14,171,12.21,NULL,NULL,1,414,2033,157,1876,4.53,NULL,16,NULL,NULL,NULL,NULL,NULL,NULL,NULL,NULL,NULL,NULL,NULL,NULL,NULL,NULL,NULL,NULL,NULL,77,3145,40.84,NULL,NULL,NULL,0,NULL,NULL,NULL,8,5
2009,CLEM,209,2590,12.39,NULL,21,21,367,17.48,NULL,1,257,190,447,9.5,43,45,50,21,32,NULL,NULL,NULL,NULL,NULL,NULL,NULL,NULL,NULL,NULL,NULL,108,46,1094,23.78,NULL,NULL,4,NULL,NULL,NULL,NULL,NULL,NULL,NULL,NULL,NULL,390,220,56.41,2688,6.89,23,5.9,13,3.33,NULL,NULL,NULL,257.38,26,374,14.38,NULL,NULL,2,473,2691,264,2427,5.13,NULL,24,NULL,NULL,NULL,NULL,NULL,NULL,NULL,NULL,NULL,NULL,NULL,NULL,NULL,NULL,NULL,NULL,NULL,55,2153,39.15,NULL,NULL,NULL,0,NULL,NULL,NULL,9,5
2009,DUKE,291,3568,12.26,NULL,22,8,162,20.25,NULL,2,106,94,200,2,6,33,33,19,24,NULL,NULL,NULL,NULL,NULL,NULL,NULL,NULL,NULL,NULL,NULL,90,62,1375,22.18,NULL,NULL,0,NULL,NULL,NULL,NULL,NULL,NULL,NULL,NULL,NULL,500,308,61.6,3660,7.32,24,4.8,10,2,NULL,NULL,NULL,92.1,19,117,6.16,NULL,NULL,0,314,1055,255,800,2.55,NULL,6,NULL,NULL,NULL,NULL,NULL,NULL,NULL,NULL,NULL,NULL,NULL,NULL,NULL,NULL,NULL,NULL,NULL,54,2120,39.26,NULL,NULL,NULL,0,NULL,NULL,NULL,5,7
2009,FSU,286,3468,12.13,NULL,16,14,251,17.93,NULL,3,248,131,379,13,70,40,44,19,27,NULL,NULL,NULL,NULL,NULL,NULL,NULL,NULL,NULL,NULL,NULL,97,67,1390,20.75,NULL,NULL,0,NULL,NULL,NULL,NULL,NULL,NULL,NULL,NULL,NULL,436,296,67.89,3534,8.11,16,3.67,13,2.98,NULL,NULL,NULL,136.2,23,390,16.96,NULL,NULL,1,417,2208,265,1943,4.66,NULL,27,NULL,NULL,NULL,NULL,NULL,NULL,NULL,NULL,NULL,NULL,NULL,NULL,NULL,NULL,NULL,NULL,NULL,43,1790,41.63,NULL,NULL,NULL,0,NULL,NULL,NULL,7,6
2009,GT,54,1398,25.89,NULL,9,12,135,11.25,NULL,1,165,106,271,2.5,24,59,60,14,20,NULL,NULL,NULL,NULL,NULL,NULL,NULL,NULL,NULL,NULL,NULL,101,54,1176,21.78,NULL,NULL,0,NULL,NULL,NULL,NULL,NULL,NULL,NULL,NULL,NULL,166,78,46.99,1774,10.69,11,6.63,6,3.61,NULL,NULL,NULL,291.58,21,281,13.38,NULL,NULL,2,773,4446,264,4182,5.41,NULL,47,NULL,NULL,NULL,NULL,NULL,NULL,NULL,NULL,NULL,NULL,NULL,NULL,NULL,NULL,NULL,NULL,NULL,37,1565,42.3,NULL,NULL,NULL,0,NULL,NULL,NULL,11,3
2009,LOU,200,2387,11.94,NULL,9,10,53,5.3,NULL,1,226,116,342,6.5,51,20,23,13,18,NULL,NULL,NULL,NULL,NULL,NULL,NULL,NULL,NULL,NULL,NULL,59,49,1182,24.12,NULL,NULL,0,NULL,NULL,NULL,NULL,NULL,NULL,NULL,NULL,NULL,362,205,56.63,2507,6.93,9,2.49,11,3.04,NULL,NULL,NULL,189.28,17,193,11.35,NULL,NULL,1,417,1840,325,1515,3.63,NULL,15,NULL,NULL,NULL,NULL,NULL,NULL,NULL,NULL,NULL,NULL,NULL,NULL,NULL,NULL,NULL,NULL,NULL,58,2349,40.5,NULL,NULL,NULL,0,NULL,NULL,NULL,4,8
2009,MIA,231,3164,13.7,NULL,24,9,89,9.89,NULL,1,238,144,382,2.5,19,50,50,14,16,NULL,NULL,NULL,NULL,NULL,NULL,NULL,NULL,NULL,NULL,NULL,92,57,1235,21.67,NULL,NULL,0,NULL,NULL,NULL,NULL,NULL,NULL,NULL,NULL,NULL,415,246,59.28,3405,8.2,25,6.02,17,4.1,NULL,NULL,NULL,112,25,223,8.92,NULL,NULL,2,401,2159,100,2059,5.13,NULL,20,NULL,NULL,NULL,NULL,NULL,NULL,NULL,NULL,NULL,NULL,NULL,NULL,NULL,NULL,NULL,NULL,NULL,51,2169,42.53,NULL,NULL,NULL,0,NULL,NULL,NULL,9,4
2009,NCST,229,3088,13.48,NULL,30,8,65,8.13,NULL,0,141,104,245,12,77,46,47,10,12,NULL,NULL,NULL,NULL,NULL,NULL,NULL,NULL,NULL,NULL,NULL,76,61,1332,21.84,NULL,NULL,1,NULL,NULL,NULL,NULL,NULL,NULL,NULL,NULL,NULL,418,248,59.33,3275,7.83,32,7.66,13,3.11,NULL,NULL,NULL,87,27,276,10.22,NULL,NULL,0,408,1811,314,1497,3.67,NULL,15,NULL,NULL,NULL,NULL,NULL,NULL,NULL,NULL,NULL,NULL,NULL,NULL,NULL,NULL,NULL,NULL,NULL,46,1743,37.89,NULL,NULL,NULL,0,NULL,NULL,NULL,5,7
2009,PITT,218,2724,12.5,NULL,23,15,129,8.6,NULL,1,229,122,351,15,94,46,48,23,30,NULL,NULL,NULL,NULL,NULL,NULL,NULL,NULL,NULL,NULL,NULL,115,49,1075,21.94,NULL,NULL,0,NULL,NULL,NULL,NULL,NULL,NULL,NULL,NULL,NULL,338,219,64.79,2747,8.13,23,6.8,8,2.37,NULL,NULL,NULL,152.3,22,169,7.68,NULL,NULL,0,466,2579,200,2379,5.11,NULL,25,NULL,NULL,NULL,NULL,NULL,NULL,NULL,NULL,NULL,NULL,NULL,NULL,NULL,NULL,NULL,NULL,NULL,44,1810,41.14,NULL,NULL,NULL,0,NULL,NULL,NULL,10,3
2009,SYR,229,2446,10.68,NULL,16,9,77,8.56,NULL,0,201,91,292,10.5,90,29,30,13,18,NULL,NULL,NULL,NULL,NULL,NULL,NULL,NULL,NULL,NULL,NULL,68,54,1250,23.15,NULL,NULL,0,NULL,NULL,NULL,NULL,NULL,NULL,NULL,NULL,NULL,353,229,64.87,2446,6.93,16,4.53,15,4.25,NULL,NULL,NULL,124.65,21,145,6.9,NULL,NULL,0,414,1851,288,1563,3.78,NULL,15,NULL,NULL,NULL,NULL,NULL,NULL,NULL,NULL,NULL,NULL,NULL,NULL,NULL,NULL,NULL,NULL,NULL,58,2538,43.76,NULL,NULL,NULL,0,NULL,NULL,NULL,4,8
2009,UNC,190,2019,10.63,NULL,13,19,508,26.74,NULL,4,277,111,388,7,64,34,35,21,25,NULL,NULL,NULL,NULL,NULL,NULL,NULL,NULL,NULL,NULL,NULL,97,41,844,20.59,NULL,NULL,0,NULL,NULL,NULL,NULL,NULL,NULL,NULL,NULL,NULL,366,220,60.11,2274,6.21,14,3.83,17,4.64,NULL,NULL,NULL,227.47,29,376,12.97,NULL,NULL,1,418,1949,116,1833,4.39,NULL,13,NULL,NULL,NULL,NULL,NULL,NULL,NULL,NULL,NULL,NULL,NULL,NULL,NULL,NULL,NULL,NULL,NULL,65,2621,40.32,NULL,NULL,NULL,0,NULL,NULL,NULL,8,5
2009,UVA,171,1773,10.37,NULL,7,12,171,14.25,NULL,2,171,88,259,7,42,23,23,17,19,NULL,NULL,NULL,NULL,NULL,NULL,NULL,NULL,NULL,NULL,NULL,74,63,1171,18.59,NULL,NULL,0,NULL,NULL,NULL,NULL,NULL,NULL,NULL,NULL,NULL,362,189,52.21,2046,5.65,8,2.21,8,2.21,NULL,NULL,NULL,108.93,30,189,6.3,NULL,NULL,1,387,1668,407,1261,3.26,NULL,15,NULL,NULL,NULL,NULL,NULL,NULL,NULL,NULL,NULL,NULL,NULL,NULL,NULL,NULL,NULL,NULL,NULL,66,2647,40.11,NULL,NULL,NULL,0,NULL,NULL,NULL,3,9
2009,VT,123,2182,17.74,NULL,12,11,80,7.27,NULL,1,96,121,217,4.5,60,48,48,20,23,NULL,NULL,NULL,NULL,NULL,NULL,NULL,NULL,NULL,NULL,NULL,108,42,994,23.67,NULL,NULL,1,NULL,NULL,NULL,NULL,NULL,NULL,NULL,NULL,NULL,249,137,55.02,2391,9.6,14,5.62,5,2.01,NULL,NULL,NULL,123.27,33,373,11.3,NULL,NULL,2,550,3073,314,2759,5.02,NULL,32,NULL,NULL,NULL,NULL,NULL,NULL,NULL,NULL,NULL,NULL,NULL,NULL,NULL,NULL,NULL,NULL,NULL,57,2495,43.77,NULL,NULL,NULL,0,NULL,NULL,NULL,10,3
2009,WF,262,3116,11.89,NULL,25,9,154,17.11,NULL,1,132,52,184,1,8,40,40,12,19,NULL,NULL,NULL,NULL,NULL,NULL,NULL,NULL,NULL,NULL,NULL,76,49,1086,22.16,NULL,NULL,0,NULL,NULL,NULL,NULL,NULL,NULL,NULL,NULL,NULL,417,273,65.47,3259,7.82,26,6.24,12,2.88,NULL,NULL,NULL,154.83,13,59,4.54,NULL,NULL,0,414,1876,299,1577,3.81,NULL,13,NULL,NULL,NULL,NULL,NULL,NULL,NULL,NULL,NULL,NULL,NULL,NULL,NULL,NULL,NULL,NULL,NULL,54,2098,38.85,NULL,NULL,NULL,0,NULL,NULL,NULL,5,7